window_start,window_end,error_rate,processing_time_s,classification_rate_rec_s,layers_built
0,600,0.6599999999999999,57.657297134399414,1.7343858448116214,"['pm2.5_prev_hour', 'Day_of_year', 'Day_of_month', 'Dew_Point', 'Pressure', 'Temperature', 'Day_of_week', 'Week_of_year', 'Day_type']"
100,700,0.75,55.74622321128845,1.7938434971815325,"['pm2.5_prev_hour', 'Day_of_year', 'Day_of_month', 'Dew_Point', 'Pressure', 'Temperature', 'Day_of_week', 'Week_of_year', 'Month_of_year', 'Day_type']"
200,800,0.71,56.66231846809387,1.7648413037724402,"['pm2.5_prev_hour', 'Day_of_year', 'Day_of_month', 'Dew_Point', 'Pressure', 'Week_of_year', 'Day_of_week', 'Month_of_year', 'Temperature', 'Hour', 'Day_type']"
300,900,0.62,51.11739993095398,1.956281034150278,"['pm2.5_prev_hour', 'Day_of_year', 'Day_of_month', 'Dew_Point', 'Pressure', 'Week_of_year', 'Month_of_year', 'Day_of_week', 'Temperature', 'Day_type']"
400,1000,0.61,52.28309726715088,1.9126640391832588,"['pm2.5_prev_hour', 'Day_of_year', 'Day_of_month', 'Dew_Point', 'Pressure', 'Week_of_year', 'Day_of_week', 'Temperature', 'Month_of_year']"
500,1100,0.72,57.63334321975708,1.735106700624637,"['pm2.5_prev_hour', 'Day_of_year', 'Day_of_month', 'Dew_Point', 'Pressure', 'Week_of_year', 'Temperature', 'Day_of_week', 'Hour', 'Month_of_year']"
600,1200,0.69,58.714346170425415,1.7031612633433408,"['pm2.5_prev_hour', 'Day_of_year', 'Day_of_month', 'Dew_Point', 'Pressure', 'Temperature', 'Week_of_year', 'Hour', 'Day_of_week', 'Day_type']"
700,1300,0.6599999999999999,56.704710960388184,1.7635219068457346,"['pm2.5_prev_hour', 'Day_of_year', 'Day_of_month', 'Dew_Point', 'Pressure', 'Temperature', 'Week_of_year', 'Day_of_week', 'Day_type']"
800,1400,0.65,57.9618616104126,1.7252723984633964,"['pm2.5_prev_hour', 'Day_of_year', 'Day_of_month', 'Pressure', 'Dew_Point', 'Temperature', 'Week_of_year', 'Day_of_week', 'Month_of_year']"
900,1500,0.9,18.823524713516235,5.312501325970847,"['Day_of_year', 'Day_of_month', 'Pressure', 'Dew_Point', 'Temperature', 'Day_of_week', 'Week_of_year']"
1000,1600,0.84,20.845620155334473,4.797170784789994,"['Day_of_year', 'Day_of_month', 'Pressure', 'Dew_Point', 'Day_of_week', 'Temperature', 'Week_of_year', 'Month_of_year']"
1100,1700,0.63,68.49580979347229,1.4599433206428065,"['pm2.5_prev_hour', 'Day_of_year', 'Day_of_month', 'Pressure', 'Dew_Point', 'Day_of_week', 'Temperature', 'Day_type', 'Week_of_year', 'Month_of_year']"
1200,1800,0.62,63.92167949676514,1.5644144645019953,"['pm2.5_prev_hour', 'Day_of_year', 'Day_of_month', 'Dew_Point', 'Pressure', 'Day_of_week', 'Temperature', 'Week_of_year', 'Day_type', 'Month_of_year']"
1300,1900,0.5700000000000001,61.20817279815674,1.6337687506170984,"['pm2.5_prev_hour', 'Day_of_year', 'Day_of_month', 'Dew_Point', 'Pressure', 'Day_of_week', 'Temperature', 'Week_of_year', 'Day_type']"
1400,2000,0.81,59.81295585632324,1.6718785849709568,"['pm2.5_prev_hour', 'Day_of_year', 'Day_of_month', 'Pressure', 'Dew_Point', 'Day_of_week', 'Temperature', 'Week_of_year', 'Day_type']"
1500,2100,0.77,61.46758532524109,1.6268737330557856,"['pm2.5_prev_hour', 'Day_of_year', 'Day_of_month', 'Dew_Point', 'Pressure', 'Day_of_week', 'Temperature', 'Week_of_year', 'Day_type', 'Month_of_year']"
1600,2200,0.6799999999999999,63.590341329574585,1.5725658631351302,"['pm2.5_prev_hour', 'Day_of_year', 'Day_of_month', 'Dew_Point', 'Pressure', 'Temperature', 'Day_of_week', 'Week_of_year', 'Month_of_year', 'Day_type']"
1700,2300,0.53,44.08168578147888,2.268515784439792,"['pm2.5_prev_hour', 'Day_of_year', 'Day_of_month', 'Dew_Point', 'Pressure', 'Temperature', 'Day_of_week', 'Week_of_year', 'Month_of_year', 'Day_type']"
1800,2400,0.6799999999999999,42.32801842689514,2.3625013340208763,"['pm2.5_prev_hour', 'Day_of_year', 'Day_of_month', 'Dew_Point', 'Pressure', 'Day_of_week', 'Week_of_year', 'Temperature', 'Month_of_year', 'Day_type']"
1900,2500,0.53,44.22281289100647,2.261276329175724,"['pm2.5_prev_hour', 'Day_of_year', 'Day_of_month', 'Dew_Point', 'Pressure', 'Day_of_week', 'Temperature', 'Week_of_year', 'Month_of_year', 'Day_type']"
2000,2600,0.65,44.12878155708313,2.266094745232071,"['pm2.5_prev_hour', 'Day_of_year', 'Day_of_month', 'Dew_Point', 'Pressure', 'Day_of_week', 'Temperature', 'Week_of_year', 'Day_type']"
2100,2700,0.42000000000000004,43.996694564819336,2.2728980208427307,"['pm2.5_prev_hour', 'Day_of_year', 'Day_of_month', 'Dew_Point', 'Pressure', 'Day_of_week', 'Temperature', 'Week_of_year', 'Day_type']"
2200,2800,0.6599999999999999,43.74517822265625,2.28596622674653,"['pm2.5_prev_hour', 'Day_of_year', 'Day_of_month', 'Dew_Point', 'Pressure', 'Week_of_year', 'Day_of_week', 'Temperature', 'Day_type']"
2300,2900,0.5800000000000001,55.048283100128174,1.8165870826181527,"['pm2.5_prev_hour', 'Day_of_year', 'Day_of_month', 'Dew_Point', 'Pressure', 'Week_of_year', 'Day_of_week', 'Temperature', 'Month_of_year', 'Day_type']"
2400,3000,0.52,43.64393639564514,2.291269034338941,"['pm2.5_prev_hour', 'Day_of_year', 'Day_of_month', 'Dew_Point', 'Pressure', 'Day_of_week', 'Temperature', 'Week_of_year', 'Day_type', 'Month_of_year']"
2500,3100,0.6799999999999999,41.14728569984436,2.4302939622668296,"['pm2.5_prev_hour', 'Day_of_year', 'Day_of_month', 'Dew_Point', 'Pressure', 'Day_of_week', 'Temperature', 'Week_of_year', 'Day_type', 'Month_of_year']"
2600,3200,0.5700000000000001,43.10561490058899,2.319883389452208,"['pm2.5_prev_hour', 'Day_of_year', 'Day_of_month', 'Dew_Point', 'Pressure', 'Day_of_week', 'Temperature', 'Month_of_year', 'Week_of_year', 'Day_type']"
2700,3300,0.64,43.69927096366882,2.288367695725155,"['pm2.5_prev_hour', 'Day_of_year', 'Day_of_month', 'Dew_Point', 'Pressure', 'Temperature', 'Day_of_week', 'Week_of_year', 'Day_type', 'Month_of_year']"
2800,3400,0.73,41.49781084060669,2.4097656713531355,"['pm2.5_prev_hour', 'Day_of_year', 'Day_of_month', 'Dew_Point', 'Day_of_week', 'Pressure', 'Temperature', 'Day_type', 'Week_of_year']"
2900,3500,0.73,42.29876232147217,2.364135367365983,"['pm2.5_prev_hour', 'Day_of_year', 'Day_of_month', 'Dew_Point', 'Day_of_week', 'Pressure', 'Temperature', 'Day_type', 'Week_of_year']"
3000,3600,0.86,13.215681552886963,7.566768282045584,"['Day_of_year', 'Day_of_month', 'Dew_Point', 'Pressure', 'Day_of_week', 'Temperature', 'Week_of_year', 'Day_type', 'Month_of_year']"
3100,3700,0.6799999999999999,40.02177810668945,2.4986396090004175,"['pm2.5_prev_hour', 'Day_of_year', 'Day_of_month', 'Pressure', 'Dew_Point', 'Temperature', 'Day_of_week', 'Week_of_year', 'Month_of_year', 'Day_type']"
3200,3800,0.62,38.49837946891785,2.5975119311381993,"['pm2.5_prev_hour', 'Day_of_year', 'Day_of_month', 'Pressure', 'Week_of_year', 'Dew_Point', 'Day_of_week', 'Temperature', 'Month_of_year', 'Day_type']"
3300,3900,0.55,54.44370150566101,1.8367597579602863,"['pm2.5_prev_hour', 'Day_of_year', 'Day_of_month', 'Pressure', 'Dew_Point', 'Day_of_week', 'Week_of_year', 'Temperature', 'Day_type', 'Month_of_year']"
3400,4000,0.77,40.553757429122925,2.4658627545122824,"['pm2.5_prev_hour', 'Day_of_year', 'Day_of_month', 'Pressure', 'Day_of_week', 'Dew_Point', 'Week_of_year', 'Temperature', 'Month_of_year', 'Day_type']"
3500,4100,0.71,34.66521167755127,2.8847364594273825,"['pm2.5_prev_hour', 'Day_of_year', 'Day_of_month', 'Day_of_week', 'Pressure', 'Dew_Point', 'Temperature', 'Week_of_year', 'Day_type']"
3600,4200,0.6799999999999999,41.27017045021057,2.423057596058215,"['pm2.5_prev_hour', 'Day_of_year', 'Day_of_month', 'Day_of_week', 'Pressure', 'Temperature', 'Dew_Point', 'Week_of_year', 'Day_type']"
3700,4300,0.9299999999999999,14.669016361236572,6.817089676459409,"['Day_of_year', 'Day_of_month', 'Temperature', 'Dew_Point', 'Day_of_week', 'Week_of_year', 'Pressure', 'Day_type', 'Month_of_year']"
3800,4400,0.63,44.46281409263611,2.2490704207712735,"['pm2.5_prev_hour', 'Day_of_year', 'Day_of_month', 'Temperature', 'Dew_Point', 'Day_of_week', 'Pressure', 'Week_of_year', 'Month_of_year', 'Day_type']"
3900,4500,0.53,45.1546905040741,2.2146093547242334,"['pm2.5_prev_hour', 'Day_of_year', 'Day_of_month', 'Temperature', 'Dew_Point', 'Pressure', 'Week_of_year', 'Day_of_week', 'Month_of_year', 'Day_type']"
4000,4600,0.6699999999999999,42.35392618179321,2.3610561998615194,"['pm2.5_prev_hour', 'Day_of_year', 'Day_of_month', 'Pressure', 'Dew_Point', 'Temperature', 'Month_of_year', 'Week_of_year', 'Day_of_week', 'Day_type']"
4100,4700,0.5900000000000001,47.39660096168518,2.1098559384213806,"['pm2.5_prev_hour', 'Day_of_year', 'Day_of_month', 'Dew_Point', 'Temperature', 'Pressure', 'Week_of_year', 'Day_of_week', 'Month_of_year', 'Day_type']"
4200,4800,0.71,43.04518246650696,2.3231403439353295,"['pm2.5_prev_hour', 'Day_of_year', 'Day_of_month', 'Dew_Point', 'Pressure', 'Temperature', 'Day_of_week', 'Week_of_year', 'Day_type']"
4300,4900,0.56,11.043327808380127,9.055241475682351,"['Day_of_year', 'Day_of_month', 'Dew_Point', 'Day_of_week', 'Temperature', 'Pressure', 'Week_of_year', 'Day_type']"
4400,5000,0.86,10.437708854675293,9.5806466143389,"['Day_of_year', 'Day_of_month', 'Dew_Point', 'Pressure', 'Day_of_week', 'Temperature', 'Week_of_year', 'Day_type']"
4500,5100,0.98,12.67261528968811,7.891030991950923,"['Day_of_year', 'Day_of_month', 'Dew_Point', 'Pressure', 'Temperature', 'Day_of_week', 'Week_of_year', 'Day_type', 'Month_of_year']"
4600,5200,0.69,13.201611518859863,7.574832804096658,"['Day_of_year', 'Day_of_month', 'Dew_Point', 'Pressure', 'Temperature', 'Week_of_year', 'Day_of_week', 'Month_of_year', 'Day_type']"
4700,5300,0.94,13.710022926330566,7.293933827633985,"['Day_of_year', 'Day_of_month', 'Dew_Point', 'Pressure', 'Temperature', 'Week_of_year', 'Day_of_week', 'Month_of_year', 'Day_type']"
4800,5400,0.54,44.778064489364624,2.2332363209613786,"['pm2.5_prev_hour', 'Day_of_year', 'Day_of_month', 'Dew_Point', 'Pressure', 'Temperature', 'Week_of_year', 'Day_of_week', 'Month_of_year', 'Day_type']"
4900,5500,0.6799999999999999,41.69945740699768,2.3981127385897056,"['pm2.5_prev_hour', 'Day_of_year', 'Day_of_month', 'Dew_Point', 'Pressure', 'Week_of_year', 'Temperature', 'Day_of_week', 'Month_of_year', 'Day_type']"
5000,5600,0.63,38.96319532394409,2.5665246181323043,"['pm2.5_prev_hour', 'Day_of_year', 'Day_of_month', 'Dew_Point', 'Pressure', 'Temperature', 'Day_of_week', 'Week_of_year', 'Day_type']"
5100,5700,0.73,39.25942397117615,2.547159124734457,"['pm2.5_prev_hour', 'Day_of_year', 'Day_of_month', 'Dew_Point', 'Pressure', 'Day_of_week', 'Temperature', 'Week_of_year', 'Day_type']"
5200,5800,0.47,39.054694414138794,2.56051164911426,"['pm2.5_prev_hour', 'Day_of_year', 'Day_of_month', 'Dew_Point', 'Pressure', 'Day_of_week', 'Week_of_year', 'Temperature', 'Day_type', 'Month_of_year']"
5300,5900,0.78,11.274059295654297,8.869919642745362,"['Day_of_year', 'Day_of_month', 'Dew_Point', 'Pressure', 'Day_of_week', 'Temperature', 'Week_of_year', 'Day_type', 'Month_of_year']"
5400,6000,0.92,9.487244606018066,10.540468192057235,"['Day_of_year', 'Day_of_month', 'Dew_Point', 'Week_of_year', 'Day_of_week', 'Temperature', 'Pressure', 'Month_of_year', 'Day_type']"
5500,6100,0.95,9.884816884994507,10.116525289588667,"['Day_of_year', 'Day_of_month', 'Dew_Point', 'Day_of_week', 'Week_of_year', 'Temperature', 'Pressure', 'Month_of_year', 'Day_type']"
5600,6200,0.8,11.886658668518066,8.412793097596971,"['Day_of_year', 'Day_of_month', 'Dew_Point', 'Temperature', 'Day_of_week', 'Week_of_year', 'Pressure', 'Day_type', 'Month_of_year']"
5700,6300,0.0,41.22483777999878,2.425722098256925,"['pm2.5_prev_hour', 'Day_of_year', 'Day_of_month', 'Dew_Point', 'Temperature', 'Pressure', 'Day_of_week', 'Week_of_year', 'Day_type']"
5800,6400,0.91,73.24309182167053,1.365316475763696,"['pm2.5_prev_hour', 'pm2.5_prev_day', 'Day_of_year', 'Day_of_month', 'Dew_Point', 'Pressure', 'Temperature', 'Week_of_year', 'Day_of_week', 'Day_type']"
5900,6500,0.5900000000000001,64.4487235546112,1.5516211103120467,"['pm2.5_prev_hour', 'pm2.5_prev_day', 'Day_of_year', 'Day_of_month', 'Dew_Point', 'Pressure', 'Week_of_year', 'Temperature', 'Day_of_week', 'Day_type', 'Month_of_year']"
6000,6600,0.95,59.862698554992676,1.670489343345177,"['pm2.5_prev_hour', 'pm2.5_prev_day', 'Day_of_year', 'Day_of_month', 'Dew_Point', 'Week_of_year', 'Pressure', 'Day_of_week', 'Temperature', 'Day_type', 'Month_of_year']"
6100,6700,0.7,32.97119450569153,3.0329504738670563,"['pm2.5_prev_hour', 'Day_of_year', 'Day_of_month', 'Dew_Point', 'Week_of_year', 'Day_of_week', 'Pressure', 'Month_of_year', 'Temperature', 'Day_type']"
6200,6800,0.63,36.187143087387085,2.763412401982479,"['pm2.5_prev_hour', 'Day_of_year', 'Day_of_month', 'Dew_Point', 'Week_of_year', 'Day_of_week', 'Pressure', 'Month_of_year', 'Temperature', 'Day_type']"
6300,6900,0.73,41.61612415313721,2.4029147844721037,"['pm2.5_prev_hour', 'Day_of_year', 'Day_of_month', 'Dew_Point', 'Pressure', 'Week_of_year', 'Day_of_week', 'Temperature', 'Month_of_year', 'Day_type']"
6400,7000,0.29000000000000004,43.472801208496094,2.300288852342382,"['pm2.5_prev_hour', 'Day_of_year', 'Day_of_month', 'Dew_Point', 'Pressure', 'Week_of_year', 'Temperature', 'Day_of_week', 'Day_type']"
6500,7100,0.98,10.630757808685303,9.406667125677554,"['Day_of_year', 'Day_of_month', 'Dew_Point', 'Pressure', 'Week_of_year', 'Temperature', 'Day_of_week', 'Day_type']"
6600,7200,0.31000000000000005,40.20583248138428,2.4872013294663415,"['pm2.5_prev_hour', 'Day_of_year', 'Day_of_month', 'Dew_Point', 'Pressure', 'Temperature', 'Day_of_week', 'Week_of_year', 'Day_type']"
6700,7300,0.62,38.22069311141968,2.6163837403074655,"['pm2.5_prev_hour', 'Day_of_year', 'Day_of_month', 'Dew_Point', 'Pressure', 'Temperature', 'Week_of_year', 'Day_of_week', 'Month_of_year', 'Day_type']"
6800,7400,0.5,40.02797341346741,2.498252883478608,"['pm2.5_prev_hour', 'Day_of_year', 'Day_of_month', 'Dew_Point', 'Pressure', 'Day_of_week', 'Temperature', 'Week_of_year', 'Day_type', 'Month_of_year']"
6900,7500,0.6,40.652016401290894,2.4599025793176774,"['pm2.5_prev_hour', 'Day_of_year', 'Day_of_month', 'Dew_Point', 'Pressure', 'Temperature', 'Day_of_week', 'Week_of_year', 'Day_type', 'Month_of_year']"
7000,7600,0.92,39.0175199508667,2.5629512107875194,"['pm2.5_prev_hour', 'Day_of_year', 'Day_of_month', 'Pressure', 'Dew_Point', 'Temperature', 'Day_of_week', 'Week_of_year', 'Month_of_year', 'Day_type']"
7100,7700,0.41000000000000003,43.06853461265564,2.3218807163830255,"['pm2.5_prev_hour', 'Day_of_year', 'Day_of_month', 'Pressure', 'Dew_Point', 'Week_of_year', 'Temperature', 'Day_of_week', 'Day_type', 'Month_of_year']"
7200,7800,0.89,10.019315004348755,9.980722230671088,"['Day_of_year', 'Day_of_month', 'Dew_Point', 'Pressure', 'Temperature', 'Day_of_week', 'Week_of_year', 'Day_type']"
7300,7900,0.48,10.40458369255066,9.611148600937943,"['Day_of_year', 'Day_of_month', 'Dew_Point', 'Pressure', 'Temperature', 'Day_of_week', 'Week_of_year', 'Day_type']"
7400,8000,0.91,11.40587568283081,8.76741100646304,"['Day_of_year', 'Day_of_month', 'Dew_Point', 'Pressure', 'Temperature', 'Day_of_week', 'Week_of_year', 'Day_type', 'Month_of_year']"
7500,8100,0.7,13.095840454101562,7.636012392673921,"['Day_of_year', 'Day_of_month', 'Dew_Point', 'Pressure', 'Temperature', 'Day_of_week', 'Week_of_year', 'Month_of_year']"
7600,8200,0.97,13.54125690460205,7.384838845056887,"['Day_of_year', 'Day_of_month', 'Dew_Point', 'Pressure', 'Temperature', 'Day_of_week', 'Week_of_year', 'Month_of_year']"
7700,8300,0.71,43.48595643043518,2.299592976872218,"['pm2.5_prev_hour', 'Day_of_year', 'Day_of_month', 'Dew_Point', 'Pressure', 'Temperature', 'Week_of_year', 'Day_of_week', 'Month_of_year', 'Day_type']"
7800,8400,0.36,43.516047954559326,2.298002798977122,"['pm2.5_prev_hour', 'Day_of_year', 'Day_of_month', 'Dew_Point', 'Pressure', 'Temperature', 'Day_of_week', 'Week_of_year', 'Month_of_year', 'Day_type']"
7900,8500,1.0,13.844431161880493,7.223120894655593,"['Day_of_year', 'Day_of_month', 'Pressure', 'Dew_Point', 'Temperature', 'Day_of_week', 'Week_of_year', 'Day_type']"
8000,8600,0.51,13.826210737228394,7.2326396509160995,"['Day_of_year', 'Day_of_month', 'Pressure', 'Dew_Point', 'Temperature', 'Day_of_week', 'Week_of_year', 'Day_type']"
8100,8700,0.62,63.77274990081787,1.5680678684159661,"['pm2.5_prev_hour', 'Day_of_year', 'Day_of_month', 'Pressure', 'Dew_Point', 'Temperature', 'Day_of_week', 'Week_of_year', 'Day_type', 'Year', 'Month_of_year']"
8200,8800,0.39,65.01403546333313,1.538129409862558,"['pm2.5_prev_hour', 'Day_of_year', 'Day_of_month', 'Dew_Point', 'Pressure', 'Temperature', 'Day_of_week', 'Week_of_year', 'Year', 'Month_of_year', 'Day_type']"
8300,8900,0.5800000000000001,60.75253701210022,1.6460217946138245,"['pm2.5_prev_hour', 'Day_of_year', 'Day_of_month', 'Dew_Point', 'Pressure', 'Day_of_week', 'Temperature', 'Week_of_year', 'Day_type', 'Year', 'Month_of_year']"
8400,9000,0.54,58.235363721847534,1.7171696647699322,"['pm2.5_prev_hour', 'Day_of_year', 'Day_of_month', 'Pressure', 'Dew_Point', 'Temperature', 'Day_of_week', 'Week_of_year', 'Year', 'Month_of_year', 'Day_type']"
8500,9100,0.56,56.84117579460144,1.7592880267177307,"['pm2.5_prev_hour', 'Day_of_year', 'Day_of_month', 'Pressure', 'Dew_Point', 'Temperature', 'Day_of_week', 'Week_of_year', 'Year', 'Month_of_year', 'Day_type']"
8600,9200,0.6,52.711732387542725,1.8971108607242975,"['pm2.5_prev_hour', 'Day_of_year', 'Day_of_month', 'Pressure', 'Dew_Point', 'Temperature', 'Hour', 'Day_of_week', 'Week_of_year', 'Day_type']"
8700,9300,0.42000000000000004,38.51797008514404,2.5961908111707293,"['pm2.5_prev_hour', 'Day_of_year', 'Day_of_month', 'Pressure', 'Dew_Point', 'Temperature', 'Hour', 'Day_of_week', 'Week_of_year', 'Day_type']"
8800,9400,0.55,38.93571972846985,2.568335726098826,"['pm2.5_prev_hour', 'Day_of_year', 'Day_of_month', 'Pressure', 'Dew_Point', 'Temperature', 'Hour', 'Day_of_week', 'Day_type', 'Week_of_year']"
8900,9500,0.79,40.59602475166321,2.463295374651259,"['pm2.5_prev_hour', 'Day_of_year', 'Day_of_month', 'Pressure', 'Dew_Point', 'Temperature', 'Hour', 'Day_of_week', 'Week_of_year', 'Month_of_year', 'Day_type']"
9000,9600,0.79,58.52921724319458,1.7085483918995583,"['pm2.5_prev_hour', 'Pressure', 'Day_of_year', 'Day_of_month', 'Dew_Point', 'Temperature', 'Week_of_year', 'Month_of_year', 'Day_of_week', 'Day_type']"
9100,9700,0.52,61.91714262962341,1.6150616089986745,"['pm2.5_prev_hour', 'Pressure', 'Day_of_year', 'Day_of_month', 'Dew_Point', 'Temperature', 'Week_of_year', 'Month_of_year', 'Day_of_week', 'Day_type']"
9200,9800,0.84,46.25869274139404,2.161755857629677,"['pm2.5_prev_hour', 'Day_of_year', 'Day_of_month', 'Pressure', 'Dew_Point', 'Temperature', 'Week_of_year', 'Day_of_week', 'Month_of_year', 'Day_type']"
9300,9900,0.09999999999999998,14.821184635162354,6.74709899792734,"['Day_of_year', 'Day_of_month', 'Pressure', 'Dew_Point', 'Temperature', 'Week_of_year', 'Day_of_week', 'Month_of_year', 'Day_type']"
9400,10000,1.0,13.168139457702637,7.594087252888676,"['Day_of_year', 'Day_of_month', 'Pressure', 'Dew_Point', 'Week_of_year', 'Temperature', 'Day_of_week', 'Day_type']"
9500,10100,0.94,16.25261926651001,6.152854402124526,"['Day_of_year', 'Day_of_month', 'Pressure', 'Dew_Point', 'Temperature', 'Day_of_week', 'Week_of_year', 'Day_type']"
9600,10200,0.99,19.07556390762329,5.24230898149419,"['Day_of_year', 'Day_of_month', 'Dew_Point', 'Pressure', 'Week_of_year', 'Day_of_week', 'Temperature', 'Month_of_year', 'Day_type']"
9700,10300,0.69,16.145602703094482,6.1936368582161325,"['Day_of_year', 'Day_of_month', 'Dew_Point', 'Week_of_year', 'Day_of_week', 'Pressure', 'Month_of_year', 'Temperature', 'Day_type']"
9800,10400,0.42000000000000004,64.92598843574524,1.5402152883504603,"['pm2.5_prev_hour', 'Day_of_year', 'Day_of_month', 'Dew_Point', 'Pressure', 'Day_of_week', 'Week_of_year', 'Temperature', 'Month_of_year', 'Day_type']"
9900,10500,0.95,55.75257062911987,1.7936392684962486,"['pm2.5_prev_hour', 'Day_of_year', 'Day_of_month', 'Dew_Point', 'Pressure', 'Day_of_week', 'Temperature', 'Week_of_year', 'Day_type', 'Month_of_year']"
10000,10600,0.47,104.72440075874329,0.954887297282063,"['pm2.5_prev_hour', 'Day_of_year', 'Day_of_month', 'pm2.5_prev_day', 'Pressure', 'Dew_Point', 'Day_of_week', 'Week_of_year', 'Temperature', 'Day_type']"
10100,10700,0.64,99.6744270324707,1.0032663640737383,"['pm2.5_prev_hour', 'Day_of_year', 'Day_of_month', 'pm2.5_prev_day', 'Pressure', 'Dew_Point', 'Day_of_week', 'Week_of_year', 'Temperature', 'Day_type']"
10200,10800,0.77,98.20725965499878,1.0182546621430952,"['pm2.5_prev_hour', 'Day_of_year', 'Day_of_month', 'pm2.5_prev_day', 'Dew_Point', 'Pressure', 'Week_of_year', 'Day_of_week', 'Temperature', 'Day_type']"
10300,10900,0.52,100.68803477287292,0.9931666679717708,"['pm2.5_prev_hour', 'Day_of_year', 'Day_of_month', 'pm2.5_prev_day', 'Dew_Point', 'Pressure', 'Day_of_week', 'Week_of_year', 'Temperature', 'Day_type', 'Month_of_year']"
10400,11000,0.41000000000000003,52.346311807632446,1.910354264642181,"['pm2.5_prev_hour', 'Day_of_year', 'Day_of_month', 'Dew_Point', 'Week_of_year', 'Pressure', 'Day_of_week', 'Temperature', 'Month_of_year', 'Day_type']"
10500,11100,0.55,54.880616903305054,1.8221369518529908,"['pm2.5_prev_hour', 'Day_of_year', 'Day_of_month', 'Dew_Point', 'Pressure', 'Week_of_year', 'Day_of_week', 'Temperature', 'Month_of_year', 'Day_type']"
10600,11200,0.54,56.78742265701294,1.7609533118624559,"['pm2.5_prev_hour', 'Day_of_year', 'Day_of_month', 'Dew_Point', 'Day_of_week', 'Pressure', 'Temperature', 'Week_of_year', 'Day_type', 'Month_of_year']"
10700,11300,0.5,48.645686864852905,2.0556807076816344,"['pm2.5_prev_hour', 'Day_of_year', 'Day_of_month', 'Dew_Point', 'Day_of_week', 'Pressure', 'Temperature', 'Week_of_year', 'Day_type', 'Month_of_year']"
10800,11400,0.5700000000000001,77.71272420883179,1.2867905612377868,"['pm2.5_prev_hour', 'pm2.5_prev_week', 'Day_of_year', 'Day_of_month', 'Day_of_week', 'Dew_Point', 'Pressure', 'Temperature', 'Week_of_year', 'Day_type']"
10900,11500,0.49,123.95656609535217,0.8067341904508402,"['pm2.5_prev_hour', 'pm2.5_prev_week', 'pm2.5_prev_day', 'Day_of_year', 'Day_of_month', 'Dew_Point', 'Day_of_week', 'Pressure', 'Temperature', 'Day_type', 'Week_of_year']"
11000,11600,0.64,132.55365180969238,0.7544115053395153,"['pm2.5_prev_hour', 'pm2.5_prev_day', 'pm2.5_prev_week', 'Day_of_year', 'Day_of_month', 'Dew_Point', 'Pressure', 'Day_of_week', 'Temperature', 'Week_of_year', 'Day_type', 'Month_of_year']"
11100,11700,0.63,132.0433509349823,0.7573270391270187,"['pm2.5_prev_hour', 'pm2.5_prev_day', 'pm2.5_prev_week', 'Day_of_year', 'Day_of_month', 'Dew_Point', 'Pressure', 'Day_of_week', 'Temperature', 'Week_of_year', 'Day_type', 'Month_of_year']"
11200,11800,0.56,40.43599891662598,2.473043888595101,"['pm2.5_prev_hour', 'Day_of_year', 'Day_of_month', 'Dew_Point', 'Pressure', 'Day_of_week', 'Temperature', 'Week_of_year', 'Month_of_year', 'Day_type']"
11300,11900,0.76,42.25002574920654,2.3668624628442507,"['pm2.5_prev_hour', 'Day_of_year', 'Day_of_month', 'Pressure', 'Dew_Point', 'Temperature', 'Day_of_week', 'Week_of_year', 'Month_of_year', 'Day_type']"
11400,12000,0.62,42.79165840148926,2.336904054097603,"['pm2.5_prev_hour', 'Day_of_year', 'Day_of_month', 'Dew_Point', 'Pressure', 'Day_of_week', 'Temperature', 'Week_of_year', 'Month_of_year', 'Day_type']"
11500,12100,0.48,41.20073437690735,2.4271412029987776,"['pm2.5_prev_hour', 'Day_of_year', 'Day_of_month', 'Dew_Point', 'Pressure', 'Temperature', 'Day_of_week', 'Week_of_year', 'Day_type']"
11600,12200,0.5700000000000001,40.78426694869995,2.4519258891126796,"['pm2.5_prev_hour', 'Day_of_year', 'Day_of_month', 'Dew_Point', 'Pressure', 'Day_of_week', 'Week_of_year', 'Temperature', 'Day_type']"
11700,12300,0.52,41.35155940055847,2.41828848656792,"['pm2.5_prev_hour', 'Day_of_year', 'Day_of_month', 'Dew_Point', 'Pressure', 'Week_of_year', 'Day_of_week', 'Temperature', 'Day_type']"
11800,12400,0.5800000000000001,42.083757162094116,2.376213692490187,"['pm2.5_prev_hour', 'Day_of_year', 'Day_of_month', 'Dew_Point', 'Pressure', 'Week_of_year', 'Day_of_week', 'Temperature', 'Day_type', 'Month_of_year']"
11900,12500,0.62,50.40009570121765,1.9841232166069882,"['pm2.5_prev_hour', 'Day_of_year', 'Day_of_month', 'Dew_Point', 'Pressure', 'Week_of_year', 'Day_of_week', 'Temperature', 'Day_type', 'Month_of_year']"
12000,12600,0.6599999999999999,58.903908252716064,1.697680221335551,"['pm2.5_prev_hour', 'Day_of_year', 'Day_of_month', 'Pressure', 'Dew_Point', 'Day_of_week', 'Week_of_year', 'Temperature', 'Month_of_year']"
12100,12700,0.61,52.59480834007263,1.9013283469617432,"['pm2.5_prev_hour', 'Day_of_year', 'Day_of_month', 'Dew_Point', 'Week_of_year', 'Pressure', 'Day_of_week', 'Month_of_year', 'Day_type']"
12200,12800,0.5900000000000001,52.81108641624451,1.8935418069574184,"['pm2.5_prev_hour', 'Day_of_year', 'Day_of_month', 'Dew_Point', 'Week_of_year', 'Day_of_week', 'Pressure', 'Temperature', 'Month_of_year', 'Day_type']"
12300,12900,0.69,48.640706300735474,2.0558911990652557,"['pm2.5_prev_hour', 'Day_of_year', 'Day_of_month', 'Dew_Point', 'Pressure', 'Temperature', 'Day_of_week', 'Week_of_year', 'Hour', 'Day_type']"
12400,13000,0.65,11.658350944519043,8.577542439397327,"['Day_of_year', 'Day_of_month', 'Dew_Point', 'Day_of_week', 'Pressure', 'Temperature', 'Week_of_year', 'Day_type']"
12500,13100,0.65,11.291784048080444,8.85599649924226,"['Day_of_year', 'Day_of_month', 'Dew_Point', 'Pressure', 'Day_of_week', 'Temperature', 'Week_of_year', 'Day_type']"
12600,13200,0.91,12.221212387084961,8.182494243016121,"['Day_of_year', 'Day_of_month', 'Dew_Point', 'Day_of_week', 'Pressure', 'Temperature', 'Week_of_year', 'Day_type', 'Month_of_year']"
12700,13300,0.63,43.7201464176178,2.2872750480932345,"['pm2.5_prev_hour', 'Day_of_year', 'Day_of_month', 'Dew_Point', 'Day_of_week', 'Pressure', 'Temperature', 'Week_of_year', 'Day_type', 'Month_of_year']"
12800,13400,0.6,44.24690246582031,2.260045210560166,"['pm2.5_prev_hour', 'Day_of_year', 'Day_of_month', 'Dew_Point', 'Pressure', 'Day_of_week', 'Week_of_year', 'Temperature', 'Day_type', 'Month_of_year']"
12900,13500,0.6599999999999999,45.63139629364014,2.191473593236012,"['pm2.5_prev_hour', 'Day_of_year', 'Day_of_month', 'Dew_Point', 'Pressure', 'Week_of_year', 'Temperature', 'Day_of_week', 'Month_of_year', 'Day_type']"
13000,13600,0.69,40.45286965370178,2.4720125137240827,"['pm2.5_prev_hour', 'Day_of_year', 'Day_of_month', 'Dew_Point', 'Pressure', 'Temperature', 'Day_of_week', 'Week_of_year', 'Day_type']"
13100,13700,0.72,40.069074392318726,2.4956902927403304,"['pm2.5_prev_hour', 'Day_of_year', 'Day_of_month', 'Dew_Point', 'Pressure', 'Week_of_year', 'Temperature', 'Day_of_week', 'Day_type']"
13200,13800,0.36,7.689574956893921,13.004619964117415,"['Day_of_year', 'Day_of_month', 'Dew_Point', 'Week_of_year', 'Pressure', 'Day_of_week', 'Temperature', 'Month_of_year', 'Day_type']"
13300,13900,0.5700000000000001,39.111104249954224,2.556818630353988,"['pm2.5_prev_hour', 'Day_of_year', 'Day_of_month', 'Dew_Point', 'Day_of_week', 'Week_of_year', 'Pressure', 'Temperature', 'Month_of_year', 'Day_type']"
13400,14000,0.52,35.910704374313354,2.7846850052746173,"['pm2.5_prev_hour', 'Day_of_year', 'Day_of_month', 'Dew_Point', 'Week_of_year', 'Pressure', 'Day_of_week', 'Month_of_year', 'Temperature', 'Day_type']"
13500,14100,0.7,33.61098289489746,2.9752179611260687,"['pm2.5_prev_hour', 'Day_of_year', 'Day_of_month', 'Day_of_week', 'Week_of_year', 'Dew_Point', 'Pressure', 'Month_of_year', 'Temperature', 'Day_type']"
13600,14200,0.53,33.997549533843994,2.941388463908308,"['pm2.5_prev_hour', 'Day_of_year', 'Day_of_month', 'Dew_Point', 'Day_of_week', 'Week_of_year', 'Pressure', 'Temperature', 'Month_of_year', 'Day_type']"
13700,14300,0.30000000000000004,34.93897032737732,2.8621335735713553,"['pm2.5_prev_hour', 'Day_of_year', 'Day_of_month', 'Dew_Point', 'Pressure', 'Day_of_week', 'Week_of_year', 'Temperature', 'Day_type']"
13800,14400,0.5,34.01231384277344,2.9401116449255302,"['pm2.5_prev_hour', 'Day_of_year', 'Day_of_month', 'Pressure', 'Day_of_week', 'Dew_Point', 'Week_of_year', 'Temperature', 'Day_type']"
13900,14500,0.7,35.48626971244812,2.8179913191867927,"['pm2.5_prev_hour', 'Day_of_year', 'Day_of_month', 'Pressure', 'Day_of_week', 'Week_of_year', 'Dew_Point', 'Temperature', 'Day_type']"
14000,14600,0.62,37.81268239021301,2.6446153427581964,"['pm2.5_prev_hour', 'Day_of_year', 'Day_of_month', 'Day_of_week', 'Pressure', 'Dew_Point', 'Week_of_year', 'Temperature', 'Day_type', 'Month_of_year']"
14100,14700,0.6599999999999999,38.63877296447754,2.588073904208468,"['pm2.5_prev_hour', 'Day_of_year', 'Day_of_month', 'Day_of_week', 'Pressure', 'Dew_Point', 'Week_of_year', 'Temperature', 'Day_type', 'Month_of_year']"
14200,14800,0.5900000000000001,39.77512168884277,2.5141343572067756,"['pm2.5_prev_hour', 'Day_of_year', 'Day_of_month', 'Dew_Point', 'Pressure', 'Day_of_week', 'Temperature', 'Week_of_year', 'Month_of_year', 'Day_type']"
14300,14900,0.5700000000000001,43.91642117500305,2.277052576791466,"['pm2.5_prev_hour', 'Day_of_year', 'Day_of_month', 'Dew_Point', 'Pressure', 'Day_of_week', 'Week_of_year', 'Temperature', 'Month_of_year', 'Day_type']"
14400,15000,0.69,52.2977237701416,1.9121291098541675,"['pm2.5_prev_hour', 'Day_of_year', 'Day_of_month', 'Dew_Point', 'Pressure', 'Day_of_week', 'Temperature', 'Week_of_year', 'Hour', 'Month_of_year', 'Day_type']"
14500,15100,0.86,52.54777526855469,1.9030301376020646,"['pm2.5_prev_hour', 'Day_of_year', 'Day_of_month', 'Pressure', 'Dew_Point', 'Temperature', 'Day_of_week', 'Hour', 'Week_of_year', 'Day_type']"
14600,15200,0.65,52.0163140296936,1.9224737828004272,"['pm2.5_prev_hour', 'Day_of_year', 'Day_of_month', 'Dew_Point', 'Pressure', 'Week_of_year', 'Temperature', 'Day_of_week', 'Hour', 'Day_type']"
14700,15300,1.0,51.755337953567505,1.9321678488451834,"['pm2.5_prev_hour', 'Day_of_year', 'Day_of_month', 'Dew_Point', 'Pressure', 'Temperature', 'Hour', 'Day_of_week', 'Week_of_year', 'Month_of_year', 'Day_type']"
14800,15400,0.77,40.755298376083374,2.45366870037893,"['pm2.5_prev_hour', 'Day_of_year', 'Day_of_month', 'Dew_Point', 'Pressure', 'Week_of_year', 'Temperature', 'Month_of_year', 'Day_of_week', 'Hour', 'Day_type']"
14900,15500,0.61,54.32864260673523,1.8406497052367512,"['pm2.5_prev_hour', 'Day_of_year', 'Day_of_month', 'Dew_Point', 'Pressure', 'Week_of_year', 'Day_of_week', 'Temperature', 'Month_of_year', 'Day_type']"
15000,15600,0.6699999999999999,59.8478262424469,1.6709044635120813,"['pm2.5_prev_hour', 'Day_of_year', 'Day_of_month', 'Dew_Point', 'Pressure', 'Day_of_week', 'Temperature', 'Week_of_year', 'Month_of_year', 'Day_type']"
15100,15700,0.69,45.02955460548401,2.220763693448154,"['pm2.5_prev_hour', 'Day_of_year', 'Day_of_month', 'Dew_Point', 'Pressure', 'Day_of_week', 'Week_of_year', 'Temperature', 'Month_of_year', 'Day_type']"
15200,15800,0.83,10.901408672332764,9.173126428494976,"['Day_of_year', 'Day_of_month', 'Dew_Point', 'Pressure', 'Day_of_week', 'Week_of_year', 'Temperature', 'Day_type']"
15300,15900,0.18999999999999995,11.918352365493774,8.390421505704243,"['Day_of_year', 'Day_of_month', 'Pressure', 'Dew_Point', 'Day_of_week', 'Temperature', 'Week_of_year', 'Day_type']"
15400,16000,0.96,12.7754065990448,7.827539517018336,"['Day_of_year', 'Day_of_month', 'Pressure', 'Dew_Point', 'Day_of_week', 'Temperature', 'Week_of_year', 'Day_type', 'Month_of_year']"
15500,16100,0.98,12.375040054321289,8.080781925637535,"['Day_of_year', 'Day_of_month', 'Pressure', 'Dew_Point', 'Day_of_week', 'Temperature', 'Week_of_year', 'Month_of_year', 'Day_type']"
15600,16200,0.92,10.379132747650146,9.63471635167593,"['Day_of_year', 'Day_of_month', 'Pressure', 'Dew_Point', 'Week_of_year', 'Month_of_year', 'Day_of_week', 'Temperature', 'Day_type']"
15700,16300,0.55,40.37571334838867,2.476736426602128,"['pm2.5_prev_hour', 'Day_of_year', 'Day_of_month', 'Dew_Point', 'Pressure', 'Day_of_week', 'Month_of_year', 'Temperature', 'Week_of_year', 'Day_type']"
15800,16400,0.84,10.11506962776184,9.886239411100028,"['Day_of_year', 'Day_of_month', 'Dew_Point', 'Week_of_year', 'Pressure', 'Day_of_week', 'Month_of_year', 'Temperature', 'Day_type']"
15900,16500,0.6699999999999999,38.762269496917725,2.5798283046340136,"['pm2.5_prev_hour', 'Day_of_year', 'Day_of_month', 'Dew_Point', 'Day_of_week', 'Pressure', 'Temperature', 'Week_of_year', 'Day_type']"
16000,16600,0.51,43.922932863235474,2.2767149978662364,"['pm2.5_prev_hour', 'Day_of_year', 'Day_of_month', 'Dew_Point', 'Temperature', 'Day_of_week', 'Pressure', 'Week_of_year', 'Hour', 'Day_type']"
16100,16700,0.47,12.8741934299469,7.767476894310765,"['Day_of_year', 'Day_of_month', 'Dew_Point', 'Pressure', 'Temperature', 'Day_of_week', 'Week_of_year', 'Day_type']"
16200,16800,0.4,13.522422790527344,7.395124494262335,"['Day_of_year', 'Day_of_month', 'Dew_Point', 'Pressure', 'Temperature', 'Day_of_week', 'Week_of_year', 'Day_type', 'Month_of_year']"
16300,16900,0.99,12.91909909248352,7.740477821567383,"['Day_of_year', 'Day_of_month', 'Dew_Point', 'Pressure', 'Temperature', 'Week_of_year', 'Day_of_week', 'Month_of_year']"
16400,17000,0.97,13.484586477279663,7.415874425848443,"['Day_of_year', 'Day_of_month', 'Dew_Point', 'Pressure', 'Temperature', 'Week_of_year', 'Day_of_week', 'Month_of_year', 'Day_type']"
16500,17100,0.94,12.564564228057861,7.958891226540952,"['Day_of_year', 'Day_of_month', 'Dew_Point', 'Pressure', 'Temperature', 'Week_of_year', 'Day_of_week', 'Month_of_year', 'Day_type']"
16600,17200,0.92,12.948179960250854,7.723093153399656,"['Day_of_year', 'Day_of_month', 'Dew_Point', 'Pressure', 'Temperature', 'Day_of_week', 'Week_of_year', 'Day_type', 'Month_of_year']"
16700,17300,0.8,39.35096049308777,2.541234032078216,"['pm2.5_prev_hour', 'Day_of_year', 'Day_of_month', 'Dew_Point', 'Pressure', 'Day_of_week', 'Temperature', 'Week_of_year', 'Day_type']"
16800,17400,0.65,40.49830675125122,2.4692390379237383,"['pm2.5_prev_hour', 'Day_of_year', 'Day_of_month', 'Dew_Point', 'Day_of_week', 'Pressure', 'Temperature', 'Hour', 'Week_of_year', 'Day_type']"
16900,17500,0.56,42.6540265083313,2.3444445503982543,"['pm2.5_prev_hour', 'Day_of_year', 'Day_of_month', 'Dew_Point', 'Pressure', 'Day_of_week', 'Temperature', 'Hour', 'Week_of_year', 'Day_type']"
17000,17600,0.65,44.076393604278564,2.2687881612503986,"['pm2.5_prev_hour', 'Day_of_year', 'Day_of_month', 'Dew_Point', 'Pressure', 'Temperature', 'Hour', 'Week_of_year', 'Day_of_week', 'Year', 'Month_of_year', 'Day_type']"
17100,17700,0.47,45.579500913619995,2.1939687358471747,"['pm2.5_prev_hour', 'Day_of_year', 'Day_of_month', 'Dew_Point', 'Pressure', 'Temperature', 'Hour', 'Week_of_year', 'Day_of_week', 'Day_type', 'Year', 'Month_of_year']"
17200,17800,0.52,43.42135763168335,2.3030141260952375,"['pm2.5_prev_hour', 'Day_of_year', 'Day_of_month', 'Dew_Point', 'Pressure', 'Day_of_week', 'Temperature', 'Year', 'Month_of_year', 'Week_of_year', 'Day_type']"
17300,17900,0.6,41.94668912887573,2.3839783800996317,"['pm2.5_prev_hour', 'Day_of_year', 'Day_of_month', 'Dew_Point', 'Pressure', 'Day_of_week', 'Week_of_year', 'Temperature', 'Year', 'Month_of_year', 'Day_type']"
17400,18000,0.62,39.294835805892944,2.5448636684468156,"['pm2.5_prev_hour', 'Day_of_year', 'Day_of_month', 'Dew_Point', 'Pressure', 'Day_of_week', 'Week_of_year', 'Temperature', 'Day_type']"
17500,18100,0.56,39.5203959941864,2.530339018230242,"['pm2.5_prev_hour', 'Day_of_year', 'Day_of_month', 'Dew_Point', 'Pressure', 'Day_of_week', 'Week_of_year', 'Temperature', 'Day_type']"
17600,18200,0.48,39.395931243896484,2.538333194382675,"['pm2.5_prev_hour', 'Day_of_year', 'Day_of_month', 'Dew_Point', 'Pressure', 'Day_of_week', 'Week_of_year', 'Temperature', 'Day_type', 'Month_of_year']"
17700,18300,0.51,39.382405281066895,2.5392049897997224,"['pm2.5_prev_hour', 'Day_of_year', 'Day_of_month', 'Dew_Point', 'Pressure', 'Week_of_year', 'Temperature', 'Day_of_week', 'Month_of_year', 'Day_type']"
17800,18400,0.73,38.55752658843994,2.5935273563419217,"['pm2.5_prev_hour', 'Day_of_year', 'Day_of_month', 'Dew_Point', 'Pressure', 'Temperature', 'Day_of_week', 'Week_of_year', 'Month_of_year']"
17900,18500,0.49,37.95698690414429,2.6345610691527686,"['pm2.5_prev_hour', 'Day_of_year', 'Day_of_month', 'Dew_Point', 'Pressure', 'Day_of_week', 'Temperature', 'Week_of_year', 'Day_type', 'Month_of_year']"
18000,18600,0.56,38.35696268081665,2.607088596460029,"['pm2.5_prev_hour', 'Day_of_year', 'Day_of_month', 'Dew_Point', 'Pressure', 'Day_of_week', 'Temperature', 'Day_type', 'Week_of_year', 'Month_of_year']"
18100,18700,0.5900000000000001,39.8434054851532,2.5098256231451623,"['pm2.5_prev_hour', 'Day_of_year', 'Day_of_month', 'Dew_Point', 'Pressure', 'Day_of_week', 'Temperature', 'Hour', 'Week_of_year', 'Day_type']"
18200,18800,0.8200000000000001,40.720600843429565,2.4557594418731523,"['pm2.5_prev_hour', 'Day_of_year', 'Day_of_month', 'Dew_Point', 'Pressure', 'Day_of_week', 'Temperature', 'Hour', 'Week_of_year', 'Day_type']"
18300,18900,0.62,44.8353533744812,2.230382777732643,"['pm2.5_prev_hour', 'Day_of_year', 'Day_of_month', 'Dew_Point', 'Pressure', 'Day_of_week', 'Temperature', 'Week_of_year', 'Hour', 'Day_type', 'Month_of_year']"
18400,19000,0.48,45.16290092468262,2.214206748294762,"['pm2.5_prev_hour', 'Day_of_year', 'Day_of_month', 'Dew_Point', 'Pressure', 'Day_of_week', 'Week_of_year', 'Temperature', 'Hour', 'Day_type', 'Month_of_year']"
18500,19100,0.5800000000000001,42.08055281639099,2.3763946361714274,"['pm2.5_prev_hour', 'Day_of_year', 'Day_of_month', 'Dew_Point', 'Day_of_week', 'Pressure', 'Week_of_year', 'Temperature', 'Day_type', 'Month_of_year']"
18600,19200,0.65,40.95795774459839,2.4415279839773794,"['pm2.5_prev_hour', 'Day_of_year', 'Day_of_month', 'Dew_Point', 'Pressure', 'Day_of_week', 'Week_of_year', 'Temperature', 'Day_type', 'Month_of_year']"
18700,19300,0.55,42.99611210823059,2.3257916843336486,"['pm2.5_prev_hour', 'Day_of_year', 'Day_of_month', 'Dew_Point', 'Pressure', 'Week_of_year', 'Temperature', 'Day_of_week', 'Month_of_year', 'Day_type']"
18800,19400,0.62,40.68151116371155,2.4581191096264225,"['pm2.5_prev_hour', 'Day_of_year', 'Day_of_month', 'Dew_Point', 'Pressure', 'Week_of_year', 'Day_of_week', 'Temperature', 'Day_type']"
18900,19500,0.63,40.537020683288574,2.4668808490216723,"['pm2.5_prev_hour', 'Day_of_year', 'Day_of_month', 'Dew_Point', 'Pressure', 'Day_of_week', 'Temperature', 'Week_of_year', 'Day_type']"
19000,19600,0.48,41.17060852050781,2.4289172201617624,"['pm2.5_prev_hour', 'Day_of_year', 'Day_of_month', 'Dew_Point', 'Pressure', 'Day_of_week', 'Temperature', 'Week_of_year', 'Day_type']"
19100,19700,0.49,42.22006607055664,2.368542006374022,"['pm2.5_prev_hour', 'Day_of_year', 'Day_of_month', 'Dew_Point', 'Pressure', 'Temperature', 'Day_of_week', 'Week_of_year', 'Month_of_year', 'Day_type']"
19200,19800,0.7,38.97059512138367,2.5660372824311506,"['pm2.5_prev_hour', 'Day_of_year', 'Day_of_month', 'Dew_Point', 'Day_of_week', 'Pressure', 'Temperature', 'Week_of_year', 'Month_of_year', 'Day_type']"
19300,19900,0.73,36.97072172164917,2.704843058052675,"['pm2.5_prev_hour', 'Day_of_year', 'Day_of_month', 'Dew_Point', 'Day_of_week', 'Temperature', 'Pressure', 'Week_of_year', 'Month_of_year', 'Day_type']"
19400,20000,0.72,36.697731733322144,2.724964058451557,"['pm2.5_prev_hour', 'Day_of_year', 'Day_of_month', 'Dew_Point', 'Pressure', 'Temperature', 'Day_of_week', 'Week_of_year', 'Day_type', 'Month_of_year']"
19500,20100,0.8,40.10041522979736,2.493739763714295,"['pm2.5_prev_hour', 'Day_of_year', 'Day_of_month', 'Dew_Point', 'Pressure', 'Temperature', 'Week_of_year', 'Day_of_week', 'Day_type', 'Month_of_year']"
19600,20200,0.5700000000000001,42.79383158683777,2.3367853798526728,"['pm2.5_prev_hour', 'Day_of_year', 'Day_of_month', 'Dew_Point', 'Week_of_year', 'Pressure', 'Temperature', 'Day_of_week', 'Day_type']"
19700,20300,0.6599999999999999,45.04219198226929,2.2201406192523816,"['pm2.5_prev_hour', 'Day_of_year', 'Day_of_month', 'Dew_Point', 'Pressure', 'Temperature', 'Day_of_week', 'Week_of_year', 'Hour', 'Day_type']"
19800,20400,0.65,45.47857975959778,2.1988373543898114,"['pm2.5_prev_hour', 'Day_of_year', 'Day_of_month', 'Dew_Point', 'Pressure', 'Temperature', 'Week_of_year', 'Day_of_week', 'Month_of_year', 'Day_type']"
19900,20500,0.69,14.39501166343689,6.946850918780322,"['Day_of_year', 'Day_of_month', 'Dew_Point', 'Pressure', 'Temperature', 'Day_of_week', 'Week_of_year', 'Month_of_year', 'Day_type']"
20000,20600,0.81,15.260430574417114,6.552895051837002,"['Day_of_year', 'Day_of_month', 'Dew_Point', 'Pressure', 'Temperature', 'Day_of_week', 'Week_of_year', 'Month_of_year', 'Day_type']"
20100,20700,0.74,15.439692497253418,6.476812929907062,"['Day_of_year', 'Day_of_month', 'Dew_Point', 'Pressure', 'Temperature', 'Day_of_week', 'Week_of_year', 'Month_of_year', 'Day_type']"
20200,20800,0.4,13.680076360702515,7.3099007171671,"['Day_of_year', 'Day_of_month', 'Dew_Point', 'Pressure', 'Week_of_year', 'Temperature', 'Day_of_week', 'Month_of_year', 'Day_type']"
20300,20900,0.6599999999999999,38.80277872085571,2.577135022194996,"['pm2.5_prev_hour', 'Day_of_year', 'Day_of_month', 'Dew_Point', 'Pressure', 'Day_of_week', 'Week_of_year', 'Temperature', 'Day_type']"
20400,21000,0.49,38.698755741119385,2.584062409369533,"['pm2.5_prev_hour', 'Day_of_year', 'Day_of_month', 'Dew_Point', 'Pressure', 'Temperature', 'Day_of_week', 'Week_of_year', 'Day_type']"
20500,21100,0.49,37.24145269393921,2.685179894077395,"['pm2.5_prev_hour', 'Day_of_year', 'Day_of_month', 'Dew_Point', 'Pressure', 'Day_of_week', 'Temperature', 'Day_type', 'Week_of_year']"
20600,21200,0.6799999999999999,39.17176842689514,2.55285895980485,"['pm2.5_prev_hour', 'Day_of_year', 'Day_of_month', 'Dew_Point', 'Day_of_week', 'Pressure', 'Temperature', 'Day_type', 'Week_of_year', 'Month_of_year']"
20700,21300,0.5700000000000001,40.51204013824463,2.4684019777517174,"['pm2.5_prev_hour', 'Day_of_year', 'Day_of_month', 'Dew_Point', 'Day_of_week', 'Pressure', 'Temperature', 'Week_of_year', 'Day_type', 'Month_of_year']"
20800,21400,0.35,41.360106229782104,2.41778876109349,"['pm2.5_prev_hour', 'Day_of_year', 'Day_of_month', 'Dew_Point', 'Pressure', 'Day_of_week', 'Temperature', 'Week_of_year', 'Day_type', 'Month_of_year']"
20900,21500,0.78,40.29401683807373,2.481758033751309,"['pm2.5_prev_hour', 'Day_of_year', 'Day_of_month', 'Pressure', 'Dew_Point', 'Temperature', 'Day_of_week', 'Week_of_year', 'Day_type', 'Month_of_year']"
21000,21600,0.61,41.543585538864136,2.4071104769339113,"['pm2.5_prev_hour', 'Day_of_year', 'Day_of_month', 'Dew_Point', 'Week_of_year', 'Pressure', 'Temperature', 'Day_of_week', 'Day_type']"
21100,21700,0.6699999999999999,41.74203395843506,2.395666682164452,"['pm2.5_prev_hour', 'Day_of_year', 'Day_of_month', 'Dew_Point', 'Week_of_year', 'Pressure', 'Temperature', 'Day_of_week', 'Day_type']"
21200,21800,0.6799999999999999,41.41319990158081,2.41468904208445,"['pm2.5_prev_hour', 'Day_of_year', 'Day_of_month', 'Dew_Point', 'Week_of_year', 'Pressure', 'Temperature', 'Day_of_week', 'Day_type']"
21300,21900,0.5,43.42946100234985,2.302584413713752,"['pm2.5_prev_hour', 'Day_of_year', 'Day_of_month', 'Dew_Point', 'Week_of_year', 'Pressure', 'Temperature', 'Day_of_week', 'Month_of_year', 'Day_type']"
21400,22000,0.95,14.69319486618042,6.805871759733598,"['Day_of_year', 'Day_of_month', 'Pressure', 'Dew_Point', 'Temperature', 'Week_of_year', 'Hour', 'Day_of_week', 'Month_of_year', 'Day_type']"
21500,22100,0.6,42.04771590232849,2.378250467451961,"['pm2.5_prev_hour', 'Day_of_year', 'Day_of_month', 'Pressure', 'Day_of_week', 'Dew_Point', 'Temperature', 'Week_of_year', 'Day_type', 'Month_of_year']"
21600,22200,0.5900000000000001,41.41299295425415,2.4147011086704735,"['pm2.5_prev_hour', 'Day_of_year', 'Day_of_month', 'Pressure', 'Dew_Point', 'Week_of_year', 'Temperature', 'Day_of_week', 'Day_type', 'Month_of_year']"
21700,22300,0.55,40.88108038902283,2.4461193062512967,"['pm2.5_prev_hour', 'Day_of_year', 'Day_of_month', 'Dew_Point', 'Pressure', 'Day_of_week', 'Week_of_year', 'Temperature', 'Day_type', 'Month_of_year']"
21800,22400,0.62,40.41831660270691,2.4741258024908133,"['pm2.5_prev_hour', 'Day_of_year', 'Day_of_month', 'Pressure', 'Day_of_week', 'Dew_Point', 'Week_of_year', 'Temperature', 'Day_type']"
21900,22500,0.29000000000000004,38.41036510467529,2.603463927704974,"['pm2.5_prev_hour', 'Day_of_year', 'Day_of_month', 'Pressure', 'Dew_Point', 'Day_of_week', 'Week_of_year', 'Temperature', 'Day_type']"
22000,22600,0.56,37.94365358352661,2.6354868484097533,"['pm2.5_prev_hour', 'Day_of_year', 'Day_of_month', 'Dew_Point', 'Pressure', 'Week_of_year', 'Temperature', 'Day_of_week', 'Month_of_year', 'Day_type']"
22100,22700,0.55,37.618778228759766,2.6582468838275415,"['pm2.5_prev_hour', 'Day_of_year', 'Day_of_month', 'Pressure', 'Dew_Point', 'Temperature', 'Week_of_year', 'Day_of_week', 'Month_of_year', 'Day_type']"
22200,22800,0.28,35.62959122657776,2.8066558317796635,"['pm2.5_prev_hour', 'Day_of_year', 'Day_of_month', 'Dew_Point', 'Pressure', 'Temperature', 'Week_of_year', 'Day_of_week', 'Day_type', 'Month_of_year']"
22300,22900,0.73,33.6539785861969,2.971416878508824,"['pm2.5_prev_hour', 'Day_of_year', 'Day_of_month', 'Pressure', 'Dew_Point', 'Week_of_year', 'Day_of_week', 'Temperature', 'Month_of_year', 'Day_type']"
22400,23000,0.24,74.33359098434448,1.3452868168451753,"['pm2.5_prev_hour', 'Day_of_year', 'Day_of_month', 'pm2.5_prev_week', 'Week_of_year', 'Dew_Point', 'Pressure', 'Day_of_week', 'Temperature', 'Day_type', 'Month_of_year']"
22500,23100,0.61,127.28515577316284,0.7856375662391598,"['pm2.5_prev_hour', 'pm2.5_prev_day', 'Day_of_year', 'Day_of_month', 'pm2.5_prev_week', 'Dew_Point', 'Week_of_year', 'Day_of_week', 'Temperature', 'Pressure', 'Hour', 'Day_type']"
22600,23200,0.74,174.05688095092773,0.5745248303524021,"['pm2.5_prev_hour', 'pm2.5_prev_day', 'Day_of_year', 'Day_of_month', 'pm2.5_prev_week', 'Day_of_week', 'Dew_Point', 'Pressure', 'Temperature', 'Hour', 'Day_type', 'Week_of_year']"
22700,23300,0.54,95.33959031105042,1.0488822080496125,"['pm2.5_prev_hour', 'Day_of_year', 'Day_of_month', 'pm2.5_prev_week', 'Dew_Point', 'Day_of_week', 'Pressure', 'Temperature', 'Week_of_year', 'Day_type']"
22800,23400,0.6799999999999999,125.43189430236816,0.7972453940537514,"['pm2.5_prev_hour', 'Day_of_year', 'Day_of_month', 'pm2.5_prev_week', 'Dew_Point', 'Day_of_week', 'Pressure', 'Temperature', 'Week_of_year', 'Month_of_year', 'Day_type']"
22900,23500,0.49,209.72114253044128,0.476823646836107,"['pm2.5_prev_hour', 'pm2.5_prev_week', 'pm2.5_prev_day', 'Day_of_year', 'Day_of_month', 'Dew_Point', 'Pressure', 'Day_of_week', 'Temperature', 'Week_of_year', 'Month_of_year', 'Day_type']"
23000,23600,0.49,52.192729473114014,1.915975673422347,"['pm2.5_prev_hour', 'Day_of_year', 'Day_of_month', 'Dew_Point', 'Pressure', 'Temperature', 'Day_of_week', 'Week_of_year', 'Month_of_year', 'Day_type']"
23100,23700,0.63,43.158538579940796,2.317038604418314,"['pm2.5_prev_hour', 'Day_of_year', 'Day_of_month', 'Dew_Point', 'Pressure', 'Temperature', 'Day_of_week', 'Week_of_year', 'Month_of_year', 'Day_type']"
23200,23800,0.6599999999999999,42.41525721549988,2.35764219209914,"['pm2.5_prev_hour', 'Day_of_year', 'Day_of_month', 'Dew_Point', 'Pressure', 'Temperature', 'Day_of_week', 'Week_of_year', 'Day_type', 'Month_of_year']"
23300,23900,0.49,40.178420543670654,2.4888982355916203,"['pm2.5_prev_hour', 'Day_of_year', 'Day_of_month', 'Dew_Point', 'Pressure', 'Day_of_week', 'Temperature', 'Week_of_year', 'Day_type']"
23400,24000,0.52,41.41914486885071,2.414342457253507,"['pm2.5_prev_hour', 'Day_of_year', 'Day_of_month', 'Dew_Point', 'Pressure', 'Day_of_week', 'Temperature', 'Hour', 'Week_of_year', 'Day_type']"
23500,24100,0.65,52.94506859779358,1.888750031842765,"['pm2.5_prev_hour', 'Day_of_year', 'Day_of_month', 'Dew_Point', 'Pressure', 'Week_of_year', 'Temperature', 'Day_of_week', 'Month_of_year', 'Day_type']"
23600,24200,0.61,63.235814332962036,1.5813823393411164,"['pm2.5_prev_hour', 'Day_of_year', 'Day_of_month', 'Dew_Point', 'Pressure', 'Temperature', 'Week_of_year', 'Hour', 'Day_of_week', 'Day_type', 'Month_of_year']"
23700,24300,0.5700000000000001,70.8475341796875,1.4114817284448373,"['pm2.5_prev_hour', 'Day_of_year', 'Day_of_month', 'Dew_Point', 'Pressure', 'Week_of_year', 'Day_of_week', 'Temperature', 'Month_of_year', 'Day_type']"
23800,24400,0.63,66.52706122398376,1.5031477140305254,"['pm2.5_prev_hour', 'Day_of_year', 'Day_of_month', 'Dew_Point', 'Pressure', 'Temperature', 'Day_of_week', 'Week_of_year', 'Month_of_year', 'Day_type']"
23900,24500,0.71,69.22223281860352,1.444622571797842,"['pm2.5_prev_hour', 'Day_of_year', 'Day_of_month', 'Dew_Point', 'Temperature', 'Day_of_week', 'Pressure', 'Week_of_year', 'Month_of_year']"
24000,24600,0.6799999999999999,66.00882363319397,1.5149489794832949,"['pm2.5_prev_hour', 'Day_of_year', 'Day_of_month', 'Dew_Point', 'Pressure', 'Temperature', 'Day_of_week', 'Week_of_year', 'Day_type']"
24100,24700,0.56,65.9728422164917,1.5157752287198305,"['pm2.5_prev_hour', 'Day_of_year', 'Day_of_month', 'Dew_Point', 'Pressure', 'Day_of_week', 'Temperature', 'Week_of_year', 'Day_type']"
24200,24800,0.55,66.79293990135193,1.4971642234597304,"['pm2.5_prev_hour', 'Day_of_year', 'Day_of_month', 'Dew_Point', 'Pressure', 'Day_of_week', 'Temperature', 'Week_of_year', 'Day_type', 'Month_of_year']"
24300,24900,0.79,69.25381350517273,1.4439638041381038,"['pm2.5_prev_hour', 'Day_of_year', 'Day_of_month', 'Dew_Point', 'Day_of_week', 'Pressure', 'Temperature', 'Week_of_year', 'Day_type', 'Month_of_year']"
24400,25000,0.30000000000000004,69.71240735054016,1.4344648793601755,"['pm2.5_prev_hour', 'Day_of_year', 'Day_of_month', 'Dew_Point', 'Day_of_week', 'Pressure', 'Temperature', 'Week_of_year', 'Month_of_year', 'Day_type']"
24500,25100,0.6599999999999999,67.23657488822937,1.487285754312067,"['pm2.5_prev_hour', 'Day_of_year', 'Day_of_month', 'Dew_Point', 'Day_of_week', 'Pressure', 'Temperature', 'Week_of_year', 'Month_of_year', 'Day_type']"
24600,25200,0.52,62.3825523853302,1.6030123195715196,"['pm2.5_prev_hour', 'Day_of_year', 'Day_of_month', 'Dew_Point', 'Day_of_week', 'Pressure', 'Temperature', 'Week_of_year', 'Month_of_year', 'Day_type']"
24700,25300,0.61,59.76475739479065,1.673226904267772,"['pm2.5_prev_hour', 'Day_of_year', 'Day_of_month', 'Dew_Point', 'Pressure', 'Day_of_week', 'Temperature', 'Week_of_year', 'Day_type']"
24800,25400,0.69,60.05746817588806,1.665071855961922,"['pm2.5_prev_hour', 'Day_of_year', 'Day_of_month', 'Dew_Point', 'Pressure', 'Temperature', 'Day_of_week', 'Week_of_year', 'Day_type']"
24900,25500,0.64,62.0329372882843,1.6120468314320213,"['pm2.5_prev_hour', 'Day_of_year', 'Day_of_month', 'Dew_Point', 'Pressure', 'Day_of_week', 'Temperature', 'Week_of_year', 'Month_of_year']"
25000,25600,0.43999999999999995,67.69628286361694,1.477185980823543,"['pm2.5_prev_hour', 'Day_of_year', 'Day_of_month', 'Dew_Point', 'Pressure', 'Day_of_week', 'Temperature', 'Week_of_year', 'Day_type', 'Month_of_year']"
25100,25700,0.75,62.85951209068298,1.5908491280641355,"['pm2.5_prev_hour', 'Day_of_year', 'Day_of_month', 'Dew_Point', 'Pressure', 'Day_of_week', 'Temperature', 'Week_of_year', 'Day_type', 'Month_of_year']"
25200,25800,0.6699999999999999,64.17056393623352,1.5583469096417837,"['pm2.5_prev_hour', 'Day_of_year', 'Day_of_month', 'Dew_Point', 'Pressure', 'Day_of_week', 'Temperature', 'Week_of_year', 'Day_type', 'Month_of_year']"
25300,25900,0.35,65.53715872764587,1.5258519279966358,"['pm2.5_prev_hour', 'Day_of_year', 'Day_of_month', 'Dew_Point', 'Pressure', 'Week_of_year', 'Day_of_week', 'Temperature', 'Month_of_year', 'Day_type']"
25400,26000,0.09999999999999998,63.4818902015686,1.5752524016294815,"['pm2.5_prev_hour', 'Day_of_year', 'Day_of_month', 'Dew_Point', 'Week_of_year', 'Pressure', 'Day_of_week', 'Temperature', 'Day_type']"
25500,26100,0.15000000000000002,57.739535331726074,1.7319155657467358,"['pm2.5_prev_hour', 'Day_of_year', 'Day_of_month', 'Dew_Point', 'Week_of_year', 'Pressure', 'Temperature', 'Day_of_week', 'Day_type']"
25600,26200,0.43000000000000005,53.220120906829834,1.8789885910831672,"['pm2.5_prev_hour', 'Day_of_year', 'Day_of_month', 'Dew_Point', 'Week_of_year', 'Pressure', 'Temperature', 'Day_of_week', 'Day_type']"
25700,26300,0.85,51.44966912269592,1.943647096379229,"['pm2.5_prev_hour', 'Day_of_year', 'Day_of_month', 'Dew_Point', 'Pressure', 'Week_of_year', 'Temperature', 'Day_of_week', 'Year', 'Month_of_year']"
25800,26400,0.77,52.861899614334106,1.8917216507460481,"['pm2.5_prev_hour', 'Day_of_year', 'Day_of_month', 'Pressure', 'Dew_Point', 'Week_of_year', 'Day_of_week', 'Temperature', 'Year', 'Month_of_year', 'Day_type']"
25900,26500,0.83,52.54661321640015,1.903072222526976,"['pm2.5_prev_hour', 'Day_of_year', 'Day_of_month', 'Pressure', 'Dew_Point', 'Week_of_year', 'Day_of_week', 'Year', 'Month_of_year', 'Temperature', 'Day_type']"
26000,26600,0.64,19.44541621208191,5.14260013307751,"['Day_of_year', 'Day_of_month', 'Dew_Point', 'Pressure', 'Week_of_year', 'Day_of_week', 'Temperature', 'Year', 'Month_of_year', 'Day_type']"
26100,26700,0.6,20.923712015151978,4.779266696443951,"['Day_of_year', 'Day_of_month', 'Dew_Point', 'Pressure', 'Day_of_week', 'Temperature', 'Week_of_year', 'Year', 'Month_of_year', 'Day_type']"
26200,26800,0.53,18.5522518157959,5.390181256318289,"['Day_of_year', 'Day_of_month', 'Pressure', 'Dew_Point', 'Temperature', 'Day_of_week', 'Week_of_year', 'Day_type']"
26300,26900,0.38,17.855239152908325,5.60059706529955,"['Day_of_year', 'Day_of_month', 'Dew_Point', 'Pressure', 'Day_of_week', 'Temperature', 'Week_of_year', 'Day_type']"
26400,27000,0.84,18.88530468940735,5.295122405734306,"['Day_of_year', 'Day_of_month', 'Dew_Point', 'Pressure', 'Day_of_week', 'Temperature', 'Week_of_year', 'Month_of_year', 'Day_type']"
26500,27100,0.83,18.78905987739563,5.3222460651320835,"['Day_of_year', 'Day_of_month', 'Dew_Point', 'Pressure', 'Day_of_week', 'Temperature', 'Week_of_year', 'Month_of_year', 'Day_type']"
26600,27200,0.72,20.436407327651978,4.89322797283907,"['Day_of_year', 'Day_of_month', 'Dew_Point', 'Pressure', 'Day_of_week', 'Temperature', 'Week_of_year', 'Month_of_year', 'Day_type']"
26700,27300,0.76,20.27820324897766,4.93140337791227,"['Day_of_year', 'Day_of_month', 'Dew_Point', 'Pressure', 'Day_of_week', 'Temperature', 'Week_of_year', 'Month_of_year', 'Day_type']"
26800,27400,0.79,20.701599836349487,4.830544537162398,"['Day_of_year', 'Day_of_month', 'Dew_Point', 'Pressure', 'Day_of_week', 'Temperature', 'Month_of_year', 'Week_of_year', 'Day_type']"
26900,27500,0.6599999999999999,62.716017723083496,1.5944889938889346,"['pm2.5_prev_hour', 'Day_of_year', 'Day_of_month', 'Dew_Point', 'Pressure', 'Day_of_week', 'Temperature', 'Week_of_year', 'Day_type']"
27000,27600,0.69,20.108402013778687,4.973045592159833,"['Day_of_year', 'Day_of_month', 'Dew_Point', 'Pressure', 'Day_of_week', 'Temperature', 'Week_of_year', 'Day_type']"
27100,27700,0.6,21.247286558151245,4.70648333029783,"['Day_of_year', 'Day_of_month', 'Dew_Point', 'Pressure', 'Day_of_week', 'Temperature', 'Week_of_year', 'Month_of_year']"
27200,27800,0.6699999999999999,21.050050020217896,4.750582535621208,"['Day_of_year', 'Day_of_month', 'Dew_Point', 'Pressure', 'Temperature', 'Day_of_week', 'Week_of_year', 'Day_type']"
27300,27900,0.8200000000000001,22.45774006843567,4.452807793449791,"['Day_of_year', 'Day_of_month', 'Dew_Point', 'Pressure', 'Temperature', 'Day_of_week', 'Week_of_year', 'Day_type', 'Month_of_year']"
27400,28000,0.41000000000000003,22.864468574523926,4.373598261165016,"['Day_of_year', 'Day_of_month', 'Dew_Point', 'Pressure', 'Day_of_week', 'Temperature', 'Week_of_year', 'Day_type', 'Month_of_year']"
27500,28100,0.87,22.536786794662476,4.437189778255505,"['Day_of_year', 'Day_of_month', 'Dew_Point', 'Pressure', 'Day_of_week', 'Temperature', 'Week_of_year', 'Day_type', 'Month_of_year']"
27600,28200,0.78,19.130149126052856,5.227350782321533,"['Day_of_year', 'Day_of_month', 'Dew_Point', 'Pressure', 'Day_of_week', 'Temperature', 'Week_of_year', 'Day_type']"
27700,28300,0.81,15.062901735305786,6.6388270837358645,"['Day_of_year', 'Day_of_month', 'Dew_Point', 'Pressure', 'Day_of_week', 'Temperature', 'Week_of_year', 'Day_type']"
27800,28400,0.95,15.300170421600342,6.5358749114861405,"['Day_of_year', 'Day_of_month', 'Dew_Point', 'Pressure', 'Day_of_week', 'Temperature', 'Week_of_year', 'Day_type']"
27900,28500,0.96,13.227653503417969,7.559919828120719,"['Day_of_year', 'Day_of_month', 'Dew_Point', 'Week_of_year', 'Pressure', 'Temperature', 'Day_of_week', 'Day_type', 'Month_of_year']"
28000,28600,0.41000000000000003,44.6304075717926,2.2406248439282055,"['pm2.5_prev_hour', 'Day_of_year', 'Day_of_month', 'Dew_Point', 'Temperature', 'Pressure', 'Week_of_year', 'Day_of_week', 'Month_of_year', 'Day_type']"
28100,28700,0.53,42.98301982879639,2.326500101628625,"['pm2.5_prev_hour', 'Day_of_year', 'Day_of_month', 'Dew_Point', 'Pressure', 'Temperature', 'Day_of_week', 'Week_of_year', 'Month_of_year', 'Day_type']"
28200,28800,0.42000000000000004,42.30285882949829,2.3639064301315917,"['pm2.5_prev_hour', 'Day_of_year', 'Day_of_month', 'Dew_Point', 'Pressure', 'Week_of_year', 'Temperature', 'Day_of_week', 'Month_of_year', 'Day_type']"
28300,28900,0.63,39.59972834587097,2.525269848484375,"['pm2.5_prev_hour', 'Day_of_year', 'Day_of_month', 'Dew_Point', 'Pressure', 'Temperature', 'Day_of_week', 'Week_of_year', 'Day_type']"
28400,29000,0.52,53.37815189361572,1.8734256704747485,"['pm2.5_prev_hour', 'Day_of_year', 'Day_of_month', 'Dew_Point', 'Pressure', 'Day_of_week', 'Week_of_year', 'Temperature', 'Day_type']"
28500,29100,0.5800000000000001,55.557621240615845,1.7999330742925004,"['pm2.5_prev_hour', 'Day_of_year', 'Day_of_month', 'Dew_Point', 'Pressure', 'Day_of_week', 'Temperature', 'Week_of_year', 'Day_type']"
28600,29200,0.74,58.841651916503906,1.6994764209186317,"['pm2.5_prev_hour', 'Day_of_year', 'Day_of_month', 'Dew_Point', 'Pressure', 'Day_of_week', 'Temperature', 'Week_of_year', 'Month_of_year', 'Day_type']"
28700,29300,0.62,54.684272050857544,1.8286793670216157,"['pm2.5_prev_hour', 'Day_of_year', 'Day_of_month', 'Dew_Point', 'Day_of_week', 'Pressure', 'Week_of_year', 'Day_type', 'Month_of_year']"
28800,29400,0.63,65.17984557151794,1.5342165837179835,"['pm2.5_prev_hour', 'Day_of_year', 'Day_of_month', 'Dew_Point', 'Pressure', 'Day_of_week', 'Temperature', 'Week_of_year', 'Month_of_year', 'Day_type']"
28900,29500,0.6699999999999999,61.20088315010071,1.6339633491030015,"['pm2.5_prev_hour', 'Day_of_year', 'Day_of_month', 'Dew_Point', 'Pressure', 'Temperature', 'Day_of_week', 'Week_of_year', 'Month_of_year', 'Day_type']"
29000,29600,0.62,61.99147057533264,1.6131251456356246,"['pm2.5_prev_hour', 'Day_of_year', 'Day_of_month', 'Dew_Point', 'Pressure', 'Temperature', 'Day_of_week', 'Week_of_year', 'Month_of_year']"
29100,29700,0.64,60.05593466758728,1.6651143730175078,"['pm2.5_prev_hour', 'Day_of_year', 'Day_of_month', 'Dew_Point', 'Pressure', 'Temperature', 'Day_of_week', 'Week_of_year', 'Day_type']"
29200,29800,0.65,55.58030605316162,1.7991984409792867,"['pm2.5_prev_hour', 'Day_of_year', 'Day_of_month', 'Dew_Point', 'Pressure', 'Temperature', 'Day_of_week', 'Week_of_year', 'Day_type']"
29300,29900,0.85,50.57055306434631,1.9774353638719222,"['pm2.5_prev_hour', 'Day_of_year', 'Day_of_month', 'Dew_Point', 'Pressure', 'Temperature', 'Day_of_week', 'Month_of_year', 'Day_type']"
29400,30000,0.62,63.24449348449707,1.5811653234998664,"['pm2.5_prev_hour', 'Day_of_year', 'Day_of_month', 'Dew_Point', 'Temperature', 'Pressure', 'Day_of_week', 'Week_of_year', 'Month_of_year', 'Day_type']"
29500,30100,0.62,62.701279163360596,1.594863794396636,"['pm2.5_prev_hour', 'Day_of_year', 'Day_of_month', 'Dew_Point', 'Temperature', 'Week_of_year', 'Pressure', 'Day_of_week', 'Month_of_year', 'Day_type']"
29600,30200,0.54,52.526471853256226,1.9038019587413197,"['pm2.5_prev_hour', 'Day_of_year', 'Day_of_month', 'Dew_Point', 'Temperature', 'Week_of_year', 'Pressure', 'Day_of_week', 'Month_of_year', 'Day_type']"
29700,30300,0.6,46.106775760650635,2.168878616000384,"['pm2.5_prev_hour', 'Day_of_year', 'Day_of_month', 'Dew_Point', 'Temperature', 'Day_of_week', 'Pressure', 'Week_of_year', 'Day_type', 'Month_of_year']"
29800,30400,0.6,46.27937984466553,2.1607895424624335,"['pm2.5_prev_hour', 'Day_of_year', 'Day_of_month', 'Temperature', 'Dew_Point', 'Pressure', 'Week_of_year', 'Day_of_week', 'Hour', 'Day_type']"
29900,30500,0.65,47.526362895965576,2.1040953674258294,"['pm2.5_prev_hour', 'Day_of_year', 'Day_of_month', 'Pressure', 'Temperature', 'Dew_Point', 'Week_of_year', 'Day_of_week', 'Hour', 'Day_type']"
30000,30600,1.0,14.27957010269165,7.003011945097026,"['Day_of_year', 'Day_of_month', 'Dew_Point', 'Temperature', 'Pressure', 'Week_of_year', 'Day_of_week', 'Month_of_year', 'Day_type']"
30100,30700,0.5,46.14747166633606,2.166965954777293,"['pm2.5_prev_hour', 'Day_of_year', 'Day_of_month', 'Pressure', 'Week_of_year', 'Dew_Point', 'Temperature', 'Day_of_week', 'Month_of_year', 'Day_type']"
30200,30800,0.5800000000000001,45.299898624420166,2.207510458888582,"['pm2.5_prev_hour', 'Day_of_year', 'Day_of_month', 'Pressure', 'Dew_Point', 'Temperature', 'Week_of_year', 'Day_of_week', 'Month_of_year', 'Day_type']"
30300,30900,0.5800000000000001,44.750614166259766,2.234606202910979,"['pm2.5_prev_hour', 'Day_of_year', 'Day_of_month', 'Pressure', 'Dew_Point', 'Temperature', 'Day_of_week', 'Week_of_year', 'Month_of_year', 'Day_type']"
30400,31000,0.64,43.90722465515137,2.277529513318205,"['pm2.5_prev_hour', 'Day_of_year', 'Day_of_month', 'Dew_Point', 'Day_of_week', 'Pressure', 'Temperature', 'Week_of_year', 'Month_of_year', 'Day_type']"
30500,31100,0.42000000000000004,39.94036293029785,2.5037328823104477,"['pm2.5_prev_hour', 'Day_of_year', 'Day_of_month', 'Dew_Point', 'Pressure', 'Day_of_week', 'Temperature', 'Week_of_year', 'Day_type']"
30600,31200,0.5800000000000001,39.99210262298584,2.50049368353351,"['pm2.5_prev_hour', 'Day_of_year', 'Day_of_month', 'Dew_Point', 'Day_of_week', 'Temperature', 'Pressure', 'Week_of_year', 'Day_type']"
30700,31300,0.49,38.98186445236206,2.5652954625145084,"['pm2.5_prev_hour', 'Day_of_year', 'Day_of_month', 'Dew_Point', 'Day_of_week', 'Temperature', 'Pressure', 'Week_of_year', 'Day_type']"
30800,31400,0.43999999999999995,42.67385220527649,2.3433553530383016,"['pm2.5_prev_hour', 'Day_of_year', 'Day_of_month', 'Dew_Point', 'Temperature', 'Day_of_week', 'Pressure', 'Week_of_year', 'Month_of_year', 'Day_type']"
30900,31500,0.6,42.00880408287048,2.380453387883423,"['pm2.5_prev_hour', 'Day_of_year', 'Day_of_month', 'Dew_Point', 'Day_of_week', 'Temperature', 'Week_of_year', 'Pressure', 'Month_of_year', 'Day_type']"
31000,31600,0.54,40.293970823287964,2.4817608678617704,"['pm2.5_prev_hour', 'Day_of_year', 'Day_of_month', 'Dew_Point', 'Day_of_week', 'Temperature', 'Pressure', 'Week_of_year', 'Day_type', 'Month_of_year']"
31100,31700,0.5900000000000001,40.627179861068726,2.461406387102583,"['pm2.5_prev_hour', 'Day_of_year', 'Day_of_month', 'Dew_Point', 'Day_of_week', 'Temperature', 'Pressure', 'Week_of_year', 'Day_type', 'Month_of_year']"
31200,31800,0.5900000000000001,40.38974857330322,2.4758757737377426,"['pm2.5_prev_hour', 'Day_of_year', 'Day_of_month', 'Dew_Point', 'Day_of_week', 'Pressure', 'Temperature', 'Week_of_year', 'Day_type', 'Month_of_year']"
31300,31900,0.52,39.69094157218933,2.519466559343809,"['pm2.5_prev_hour', 'Day_of_year', 'Day_of_month', 'Dew_Point', 'Pressure', 'Day_of_week', 'Temperature', 'Week_of_year', 'Day_type']"
31400,32000,0.39,39.304298639297485,2.5442509715722883,"['pm2.5_prev_hour', 'Day_of_year', 'Day_of_month', 'Dew_Point', 'Day_of_week', 'Pressure', 'Temperature', 'Week_of_year', 'Day_type']"
31500,32100,0.39,85.51169943809509,1.1694306236118426,"['pm2.5_prev_hour', 'pm2.5_prev_day', 'Day_of_year', 'Day_of_month', 'Dew_Point', 'Day_of_week', 'Pressure', 'Temperature', 'Day_type', 'Week_of_year', 'Month_of_year']"
31600,32200,0.55,83.35778570175171,1.1996479891847531,"['pm2.5_prev_hour', 'pm2.5_prev_day', 'Day_of_year', 'Day_of_month', 'Dew_Point', 'Pressure', 'Day_of_week', 'Temperature', 'Week_of_year', 'Day_type', 'Month_of_year']"
31700,32300,0.7,39.39075183868408,2.538666954353331,"['pm2.5_prev_hour', 'Day_of_year', 'Day_of_month', 'Dew_Point', 'Pressure', 'Day_of_week', 'Temperature', 'Week_of_year', 'Day_type', 'Month_of_year']"
31800,32400,0.51,39.24816918373108,2.547889546946088,"['pm2.5_prev_hour', 'Day_of_year', 'Day_of_month', 'Dew_Point', 'Pressure', 'Temperature', 'Day_of_week', 'Week_of_year', 'Month_of_year', 'Day_type']"
31900,32500,0.5900000000000001,59.835752964019775,1.6712416080087042,"['pm2.5_prev_hour', 'Day_of_year', 'Day_of_month', 'Dew_Point', 'Day_of_week', 'Pressure', 'Temperature', 'Week_of_year', 'Month_of_year', 'Day_type']"
32000,32600,0.51,60.044870376586914,1.665421198727288,"['pm2.5_prev_hour', 'Day_of_year', 'Day_of_month', 'Dew_Point', 'Temperature', 'Day_of_week', 'Pressure', 'Week_of_year', 'Day_type']"
32100,32700,0.89,60.830116271972656,1.6439225523242142,"['pm2.5_prev_hour', 'Day_of_year', 'Day_of_month', 'Dew_Point', 'Temperature', 'Pressure', 'Day_of_week', 'Week_of_year', 'Day_type']"
32200,32800,0.64,66.12541580200195,1.5122778252076032,"['pm2.5_prev_hour', 'Day_of_year', 'Day_of_month', 'Dew_Point', 'Temperature', 'Pressure', 'Week_of_year', 'Day_of_week', 'Day_type', 'Month_of_year']"
32300,32900,0.47,67.74625134468079,1.4760964336051292,"['pm2.5_prev_hour', 'Day_of_year', 'Day_of_month', 'Dew_Point', 'Pressure', 'Day_of_week', 'Temperature', 'Week_of_year', 'Day_type', 'Month_of_year']"
32400,33000,0.5700000000000001,71.1981782913208,1.4045303180487443,"['pm2.5_prev_hour', 'Day_of_year', 'Day_of_month', 'Dew_Point', 'Day_of_week', 'Pressure', 'Temperature', 'Week_of_year', 'Day_type', 'Month_of_year']"
32500,33100,0.5,68.50710344314575,1.4597026435804616,"['pm2.5_prev_hour', 'Day_of_year', 'Day_of_month', 'Dew_Point', 'Day_of_week', 'Pressure', 'Temperature', 'Day_type', 'Week_of_year', 'Month_of_year']"
32600,33200,0.74,21.38390016555786,4.676415397835879,"['Day_of_year', 'Day_of_month', 'Dew_Point', 'Pressure', 'Day_of_week', 'Temperature', 'Week_of_year', 'Month_of_year', 'Day_type']"
32700,33300,0.51,67.00659203529358,1.4923904792431197,"['pm2.5_prev_hour', 'Day_of_year', 'Day_of_month', 'Dew_Point', 'Pressure', 'Temperature', 'Day_of_week', 'Week_of_year', 'Day_type']"
32800,33400,0.72,62.91814422607422,1.589366648206997,"['pm2.5_prev_hour', 'Day_of_year', 'Day_of_month', 'Dew_Point', 'Pressure', 'Temperature', 'Day_of_week', 'Week_of_year', 'Day_type']"
32900,33500,0.71,62.391051292419434,1.6027939572826222,"['pm2.5_prev_hour', 'Day_of_year', 'Day_of_month', 'Dew_Point', 'Pressure', 'Temperature', 'Day_of_week', 'Week_of_year', 'Day_type']"
33000,33600,0.78,21.728261470794678,4.602301023227822,"['Day_of_year', 'Day_of_month', 'Dew_Point', 'Pressure', 'Day_of_week', 'Temperature', 'Week_of_year', 'Month_of_year', 'Day_type']"
33100,33700,0.95,21.033846139907837,4.754242250078481,"['Day_of_year', 'Day_of_month', 'Dew_Point', 'Pressure', 'Temperature', 'Day_of_week', 'Week_of_year', 'Day_type', 'Month_of_year']"
33200,33800,0.78,22.52342128753662,4.439822828130254,"['Day_of_year', 'Day_of_month', 'Dew_Point', 'Pressure', 'Temperature', 'Day_of_week', 'Week_of_year', 'Day_type', 'Month_of_year']"
33300,33900,0.99,27.06343650817871,3.695022247813188,"['Day_of_year', 'Day_of_month', 'Dew_Point', 'Pressure', 'Temperature', 'Day_of_week', 'Hour', 'Week_of_year', 'Day_type', 'Month_of_year']"
33400,34000,0.76,68.56611752510071,1.4584462940225829,"['pm2.5_prev_hour', 'Day_of_year', 'Day_of_month', 'Dew_Point', 'Day_of_week', 'Pressure', 'Temperature', 'Week_of_year', 'Day_type', 'Month_of_year']"
33500,34100,0.41000000000000003,70.09610486030579,1.4266127939532383,"['pm2.5_prev_hour', 'Day_of_year', 'Day_of_month', 'Dew_Point', 'Pressure', 'Day_of_week', 'Hour', 'Temperature', 'Week_of_year', 'Day_type']"
33600,34200,0.79,66.25941371917725,1.5092195114164937,"['pm2.5_prev_hour', 'Day_of_year', 'Day_of_month', 'Dew_Point', 'Pressure', 'Day_of_week', 'Temperature', 'Week_of_year', 'Hour', 'Day_type']"
33700,34300,0.71,68.16988635063171,1.4669233785377043,"['pm2.5_prev_hour', 'Day_of_year', 'Day_of_month', 'Dew_Point', 'Pressure', 'Day_of_week', 'Hour', 'Temperature', 'Week_of_year', 'Month_of_year', 'Day_type']"
33800,34400,0.53,68.30859279632568,1.4639446650316443,"['pm2.5_prev_hour', 'Day_of_year', 'Day_of_month', 'Dew_Point', 'Pressure', 'Week_of_year', 'Hour', 'Day_of_week', 'Temperature', 'Month_of_year', 'Day_type']"
33900,34500,0.75,67.90601634979248,1.472623566737995,"['pm2.5_prev_hour', 'Day_of_year', 'Day_of_month', 'Dew_Point', 'Pressure', 'Week_of_year', 'Day_of_week', 'Temperature', 'Day_type', 'Month_of_year']"
34000,34600,0.7,64.26723885536194,1.5560027438716828,"['pm2.5_prev_hour', 'Day_of_year', 'Day_of_month', 'Dew_Point', 'Pressure', 'Week_of_year', 'Temperature', 'Day_of_week', 'Month_of_year', 'Day_type']"
34100,34700,0.75,66.87079524993896,1.4954211270590696,"['pm2.5_prev_hour', 'Day_of_year', 'Day_of_month', 'Dew_Point', 'Pressure', 'Week_of_year', 'Temperature', 'Day_of_week', 'Month_of_year', 'Day_type']"
34200,34800,0.6699999999999999,24.380228757858276,4.1016842373871425,"['Day_of_year', 'Day_of_month', 'Dew_Point', 'Pressure', 'Temperature', 'Hour', 'Week_of_year', 'Day_of_week', 'Day_type']"
34300,34900,0.85,17.807390213012695,5.615646021331375,"['Day_of_year', 'Day_of_month', 'Dew_Point', 'Pressure', 'Week_of_year', 'Day_of_week', 'Temperature', 'Day_type']"
34400,35000,0.72,61.00400733947754,1.639236574140384,"['pm2.5_prev_hour', 'Day_of_year', 'Day_of_month', 'Dew_Point', 'Pressure', 'Day_of_week', 'Temperature', 'Week_of_year', 'Day_type']"
34500,35100,0.6799999999999999,69.2975161075592,1.4430531657842736,"['pm2.5_prev_hour', 'Day_of_year', 'Day_of_month', 'Dew_Point', 'Pressure', 'Temperature', 'Day_of_week', 'Hour', 'Week_of_year', 'Year', 'Month_of_year', 'Day_type']"
34600,35200,0.78,67.97208523750305,1.4711921761791973,"['pm2.5_prev_hour', 'Day_of_year', 'Day_of_month', 'Dew_Point', 'Pressure', 'Temperature', 'Day_of_week', 'Hour', 'Week_of_year', 'Year', 'Month_of_year', 'Day_type']"
34700,35300,0.85,65.05784320831299,1.5370936856883408,"['pm2.5_prev_hour', 'Day_of_year', 'Day_of_month', 'Dew_Point', 'Pressure', 'Temperature', 'Day_of_week', 'Week_of_year', 'Year', 'Month_of_year']"
34800,35400,0.79,22.788803577423096,4.388119791381683,"['Day_of_year', 'Day_of_month', 'Dew_Point', 'Pressure', 'Temperature', 'Week_of_year', 'Day_of_week', 'Year', 'Month_of_year', 'Day_type']"
34900,35500,0.5800000000000001,20.322596311569214,4.9206311273856365,"['Day_of_year', 'Day_of_month', 'Dew_Point', 'Pressure', 'Temperature', 'Day_of_week', 'Week_of_year']"
35000,35600,0.8200000000000001,20.334940910339355,4.9176439922259485,"['Day_of_year', 'Day_of_month', 'Dew_Point', 'Pressure', 'Temperature', 'Day_of_week', 'Week_of_year', 'Day_type']"
35100,35700,0.87,20.413266897201538,4.898774924346334,"['Day_of_year', 'Day_of_month', 'Dew_Point', 'Pressure', 'Day_of_week', 'Temperature', 'Week_of_year', 'Day_type']"
35200,35800,0.84,23.038623571395874,4.340537085043452,"['Day_of_year', 'Day_of_month', 'Dew_Point', 'Pressure', 'Day_of_week', 'Temperature', 'Week_of_year', 'Month_of_year', 'Day_type']"
35300,35900,0.39,65.09712052345276,1.5361662573688288,"['pm2.5_prev_hour', 'Day_of_year', 'Day_of_month', 'Dew_Point', 'Pressure', 'Day_of_week', 'Temperature', 'Week_of_year', 'Month_of_year', 'Day_type']"
35400,36000,0.8,64.45374703407288,1.5515001780600268,"['pm2.5_prev_hour', 'Day_of_year', 'Day_of_month', 'Dew_Point', 'Pressure', 'Day_of_week', 'Temperature', 'Week_of_year', 'Month_of_year', 'Day_type']"
35500,36100,0.74,65.48505854606628,1.5270659020584634,"['pm2.5_prev_hour', 'Day_of_year', 'Day_of_month', 'Dew_Point', 'Pressure', 'Day_of_week', 'Week_of_year', 'Temperature', 'Month_of_year', 'Day_type']"
35600,36200,0.16000000000000003,21.32345724105835,4.689671044873992,"['Day_of_year', 'Day_of_month', 'Dew_Point', 'Pressure', 'Week_of_year', 'Day_of_week', 'Temperature', 'Day_type', 'Month_of_year']"
35700,36300,0.42000000000000004,16.65702486038208,6.003473059456441,"['Day_of_year', 'Day_of_month', 'Dew_Point', 'Day_of_week', 'Pressure', 'Week_of_year', 'Temperature', 'Day_type']"
35800,36400,0.6799999999999999,18.339342832565308,5.45275809024243,"['Day_of_year', 'Day_of_month', 'Dew_Point', 'Pressure', 'Day_of_week', 'Temperature', 'Week_of_year', 'Day_type']"
35900,36500,0.81,21.270681858062744,4.701306740766026,"['Day_of_year', 'Day_of_month', 'Dew_Point', 'Pressure', 'Temperature', 'Day_of_week', 'Week_of_year', 'Month_of_year', 'Day_type']"
36000,36600,0.75,20.59877038002014,4.854658708026348,"['Day_of_year', 'Day_of_month', 'Dew_Point', 'Day_of_week', 'Pressure', 'Temperature', 'Week_of_year', 'Day_type', 'Month_of_year']"
36100,36700,0.97,22.19617748260498,4.505280248293628,"['Day_of_year', 'Day_of_month', 'Dew_Point', 'Day_of_week', 'Temperature', 'Pressure', 'Week_of_year', 'Month_of_year', 'Day_type']"
36200,36800,0.95,22.730324268341064,4.399409300961034,"['Day_of_year', 'Day_of_month', 'Dew_Point', 'Day_of_week', 'Pressure', 'Temperature', 'Day_type', 'Week_of_year', 'Month_of_year']"
36300,36900,0.61,64.69990849494934,1.545597240030197,"['pm2.5_prev_hour', 'Day_of_year', 'Day_of_month', 'Dew_Point', 'Day_of_week', 'Pressure', 'Temperature', 'Day_type', 'Week_of_year', 'Month_of_year']"
36400,37000,0.75,61.829468965530396,1.617351752701442,"['pm2.5_prev_hour', 'Day_of_year', 'Day_of_month', 'Dew_Point', 'Day_of_week', 'Pressure', 'Temperature', 'Day_type', 'Week_of_year']"
36500,37100,0.63,70.92441082000732,1.4099517901358531,"['pm2.5_prev_hour', 'Day_of_year', 'Day_of_month', 'Dew_Point', 'Pressure', 'Day_of_week', 'Temperature', 'Week_of_year', 'Day_type']"
36600,37200,0.73,72.94356322288513,1.3709228831396907,"['pm2.5_prev_hour', 'Day_of_year', 'Day_of_month', 'Dew_Point', 'Pressure', 'Temperature', 'Week_of_year', 'Day_of_week', 'Month_of_year', 'Day_type']"
36700,37300,0.89,25.688703298568726,3.8927616874134556,"['Day_of_year', 'Day_of_month', 'Dew_Point', 'Pressure', 'Day_of_week', 'Temperature', 'Week_of_year', 'Month_of_year', 'Day_type']"
36800,37400,0.65,25.803266048431396,3.8754783914681643,"['Day_of_year', 'Day_of_month', 'Dew_Point', 'Pressure', 'Day_of_week', 'Temperature', 'Week_of_year', 'Day_type', 'Month_of_year']"
36900,37500,0.95,23.41397976875305,4.27095269525492,"['Day_of_year', 'Day_of_month', 'Dew_Point', 'Pressure', 'Day_of_week', 'Week_of_year', 'Temperature', 'Day_type', 'Month_of_year']"
37000,37600,0.56,68.68800282478333,1.455858314225421,"['pm2.5_prev_hour', 'Day_of_year', 'Day_of_month', 'Dew_Point', 'Pressure', 'Day_of_week', 'Temperature', 'Week_of_year', 'Day_type', 'Month_of_year']"
37100,37700,0.6,62.80824875831604,1.592147559865847,"['pm2.5_prev_hour', 'Day_of_year', 'Day_of_month', 'Dew_Point', 'Pressure', 'Week_of_year', 'Temperature', 'Day_of_week']"
37200,37800,0.75,21.253109216690063,4.705193907415204,"['Day_of_year', 'Day_of_month', 'Dew_Point', 'Pressure', 'Day_of_week', 'Temperature', 'Week_of_year', 'Day_type']"
37300,37900,0.88,22.45577597618103,4.453197257848964,"['Day_of_year', 'Day_of_month', 'Dew_Point', 'Pressure', 'Day_of_week', 'Temperature', 'Week_of_year', 'Day_type', 'Month_of_year']"
37400,38000,0.8,13.36097240447998,7.484485183613556,"['Day_of_year', 'Day_of_month', 'Dew_Point', 'Day_of_week', 'Pressure', 'Day_type', 'Week_of_year', 'Month_of_year']"
37500,38100,0.63,13.43761420249939,7.44179721883964,"['Day_of_year', 'Day_of_month', 'Dew_Point', 'Pressure', 'Day_of_week', 'Day_type', 'Week_of_year', 'Month_of_year']"
37600,38200,0.6,59.893303632736206,1.6696357344586759,"['pm2.5_prev_hour', 'Day_of_year', 'Day_of_month', 'Pressure', 'Dew_Point', 'Day_of_week', 'Temperature', 'Week_of_year', 'Day_type', 'Month_of_year']"
37700,38300,0.6599999999999999,61.73768424987793,1.6197562512267007,"['pm2.5_prev_hour', 'Day_of_year', 'Day_of_month', 'Dew_Point', 'Pressure', 'Day_of_week', 'Temperature', 'Week_of_year', 'Month_of_year', 'Day_type']"
37800,38400,0.5900000000000001,60.576639890670776,1.6508013679940128,"['pm2.5_prev_hour', 'Day_of_year', 'Day_of_month', 'Dew_Point', 'Pressure', 'Temperature', 'Day_of_week', 'Week_of_year', 'Day_type']"
37900,38500,0.5,60.948132276535034,1.6407393674719692,"['pm2.5_prev_hour', 'Day_of_year', 'Day_of_month', 'Dew_Point', 'Pressure', 'Temperature', 'Day_of_week', 'Week_of_year']"
38000,38600,0.47,59.442808866500854,1.682289277826426,"['pm2.5_prev_hour', 'Day_of_year', 'Day_of_month', 'Dew_Point', 'Pressure', 'Temperature', 'Day_of_week', 'Week_of_year', 'Day_type']"
38100,38700,0.48,61.17316794395447,1.634703634959985,"['pm2.5_prev_hour', 'Day_of_year', 'Day_of_month', 'Dew_Point', 'Pressure', 'Day_of_week', 'Temperature', 'Week_of_year', 'Month_of_year', 'Day_type']"
38200,38800,0.65,60.012157678604126,1.6663290217884061,"['pm2.5_prev_hour', 'Day_of_year', 'Day_of_month', 'Dew_Point', 'Pressure', 'Day_of_week', 'Temperature', 'Week_of_year', 'Month_of_year', 'Day_type']"
38300,38900,0.65,208.1949861049652,0.48031896382741524,"['pm2.5_prev_hour', 'pm2.5_prev_week', 'pm2.5_prev_day', 'Day_of_year', 'Day_of_month', 'Dew_Point', 'Day_of_week', 'Pressure', 'Temperature', 'Week_of_year', 'Month_of_year', 'Day_type']"
38400,39000,0.69,48.85167670249939,2.0470126462390947,"['pm2.5_prev_hour', 'Day_of_year', 'Day_of_month', 'Dew_Point', 'Pressure', 'Day_of_week', 'Week_of_year', 'Day_type', 'Month_of_year']"
38500,39100,0.5700000000000001,60.3205451965332,1.6578099497308139,"['pm2.5_prev_hour', 'Day_of_year', 'Day_of_month', 'Dew_Point', 'Temperature', 'Pressure', 'Day_of_week', 'Week_of_year', 'Month_of_year', 'Day_type']"
38600,39200,0.6,56.46805143356323,1.77091288722179,"['pm2.5_prev_hour', 'Day_of_year', 'Day_of_month', 'Dew_Point', 'Temperature', 'Day_of_week', 'Pressure', 'Week_of_year', 'Day_type']"
38700,39300,0.62,57.32003664970398,1.7445906500570327,"['pm2.5_prev_hour', 'Day_of_year', 'Day_of_month', 'Dew_Point', 'Temperature', 'Day_of_week', 'Pressure', 'Week_of_year', 'Day_type']"
38800,39400,0.74,62.10903525352478,1.6100717003863758,"['pm2.5_prev_hour', 'Day_of_year', 'Day_of_month', 'Dew_Point', 'Temperature', 'Day_of_week', 'Pressure', 'Week_of_year', 'Month_of_year', 'Day_type']"
38900,39500,0.5900000000000001,64.30540347099304,1.5550792717614799,"['pm2.5_prev_hour', 'Day_of_year', 'Day_of_month', 'Dew_Point', 'Day_of_week', 'Temperature', 'Week_of_year', 'Month_of_year', 'Pressure', 'Day_type']"
39000,39600,0.43000000000000005,68.66742587089539,1.4562945782766685,"['pm2.5_prev_hour', 'Day_of_year', 'Day_of_month', 'Dew_Point', 'Temperature', 'Week_of_year', 'Pressure', 'Day_of_week', 'Hour', 'Month_of_year', 'Day_type']"
39100,39700,0.62,65.51376676559448,1.5263967397538873,"['pm2.5_prev_hour', 'Day_of_year', 'Day_of_month', 'Dew_Point', 'Week_of_year', 'Temperature', 'Day_of_week', 'Pressure', 'Month_of_year', 'Day_type']"
39200,39800,0.63,65.1097481250763,1.5358683281633847,"['pm2.5_prev_hour', 'Day_of_year', 'Day_of_month', 'Dew_Point', 'Week_of_year', 'Pressure', 'Temperature', 'Day_of_week', 'Month_of_year', 'Day_type']"
39300,39900,0.72,60.00659966468811,1.6664833628099522,"['pm2.5_prev_hour', 'Day_of_year', 'Day_of_month', 'Dew_Point', 'Week_of_year', 'Pressure', 'Temperature', 'Day_of_week', 'Day_type']"
39400,40000,0.7,58.43874526023865,1.7111934822467751,"['pm2.5_prev_hour', 'Day_of_year', 'Day_of_month', 'Dew_Point', 'Pressure', 'Week_of_year', 'Temperature', 'Day_of_week', 'Day_type']"
39500,40100,0.62,64.79082250595093,1.5434284692220903,"['pm2.5_prev_hour', 'Day_of_year', 'Day_of_month', 'Dew_Point', 'Week_of_year', 'Pressure', 'Temperature', 'Day_of_week', 'Day_type', 'Month_of_year']"
39600,40200,0.6599999999999999,65.3142421245575,1.5310596394779419,"['pm2.5_prev_hour', 'Day_of_year', 'Day_of_month', 'Dew_Point', 'Day_of_week', 'Week_of_year', 'Temperature', 'Pressure', 'Day_type', 'Month_of_year']"
39700,40300,0.6,64.20177602767944,1.557589309630419,"['pm2.5_prev_hour', 'Day_of_year', 'Day_of_month', 'Dew_Point', 'Day_of_week', 'Week_of_year', 'Temperature', 'Pressure', 'Day_type', 'Month_of_year']"
39800,40400,0.64,64.57115578651428,1.5486791088364729,"['pm2.5_prev_hour', 'Day_of_year', 'Day_of_month', 'Dew_Point', 'Week_of_year', 'Temperature', 'Day_of_week', 'Pressure', 'Month_of_year', 'Day_type']"
39900,40500,0.48,63.54126453399658,1.573780451701537,"['pm2.5_prev_hour', 'Day_of_year', 'Day_of_month', 'Dew_Point', 'Week_of_year', 'Temperature', 'Day_of_week', 'Pressure', 'Month_of_year', 'Day_type']"
40000,40600,0.48,57.42371678352356,1.7414407426287102,"['pm2.5_prev_hour', 'Day_of_year', 'Day_of_month', 'Dew_Point', 'Week_of_year', 'Pressure', 'Day_of_week', 'Temperature', 'Day_type']"
40100,40700,0.64,58.22215676307678,1.7175591829572656,"['pm2.5_prev_hour', 'Day_of_year', 'Day_of_month', 'Dew_Point', 'Temperature', 'Day_of_week', 'Week_of_year', 'Pressure', 'Day_type']"
40200,40800,0.44999999999999996,59.03082609176636,1.6940301639103783,"['pm2.5_prev_hour', 'Day_of_year', 'Day_of_month', 'Dew_Point', 'Day_of_week', 'Pressure', 'Temperature', 'Week_of_year', 'Day_type']"
40300,40900,0.5900000000000001,61.74607729911804,1.6195360802527996,"['pm2.5_prev_hour', 'Day_of_year', 'Day_of_month', 'Dew_Point', 'Temperature', 'Pressure', 'Day_of_week', 'Week_of_year', 'Month_of_year', 'Day_type']"
40400,41000,0.49,62.638972997665405,1.5964501845157497,"['pm2.5_prev_hour', 'Day_of_year', 'Day_of_month', 'Dew_Point', 'Temperature', 'Day_of_week', 'Pressure', 'Day_type', 'Week_of_year', 'Month_of_year']"
40500,41100,0.48,60.00996923446655,1.666389789491265,"['pm2.5_prev_hour', 'Day_of_year', 'Day_of_month', 'Dew_Point', 'Day_of_week', 'Temperature', 'Pressure', 'Day_type', 'Week_of_year']"
40600,41200,0.64,64.88346934318542,1.541224614101231,"['pm2.5_prev_hour', 'Day_of_year', 'Day_of_month', 'Dew_Point', 'Day_of_week', 'Pressure', 'Temperature', 'Week_of_year', 'Day_type', 'Month_of_year']"
40700,41300,0.55,64.46722841262817,1.551175728541348,"['pm2.5_prev_hour', 'Day_of_year', 'Day_of_month', 'Dew_Point', 'Day_of_week', 'Pressure', 'Temperature', 'Week_of_year', 'Day_type', 'Month_of_year']"
40800,41400,0.53,66.01494836807251,1.5148084255469028,"['pm2.5_prev_hour', 'Day_of_year', 'Day_of_month', 'Dew_Point', 'Day_of_week', 'Pressure', 'Temperature', 'Week_of_year', 'Day_type']"
40900,41500,0.5800000000000001,66.49429893493652,1.5038883272962724,"['pm2.5_prev_hour', 'Day_of_year', 'Day_of_month', 'Dew_Point', 'Day_of_week', 'Temperature', 'Pressure', 'Hour', 'Week_of_year', 'Day_type']"
41000,41600,0.51,66.40446043014526,1.5059229357822408,"['pm2.5_prev_hour', 'Day_of_year', 'Day_of_month', 'Dew_Point', 'Pressure', 'Day_of_week', 'Temperature', 'Hour', 'Week_of_year', 'Month_of_year', 'Day_type']"
41100,41700,0.94,68.32605767250061,1.4635704650093884,"['pm2.5_prev_hour', 'Day_of_year', 'Day_of_month', 'Dew_Point', 'Pressure', 'Day_of_week', 'Temperature', 'Hour', 'Week_of_year', 'Day_type', 'Month_of_year']"
41200,41800,0.89,23.86351490020752,4.19049751967303,"['Day_of_year', 'Day_of_month', 'Pressure', 'Dew_Point', 'Week_of_year', 'Temperature', 'Day_of_week', 'Hour', 'Month_of_year', 'Day_type']"
41300,41900,0.42000000000000004,70.07015633583069,1.4271411001385843,"['pm2.5_prev_hour', 'Day_of_year', 'Day_of_month', 'Dew_Point', 'Pressure', 'Day_of_week', 'Week_of_year', 'Temperature', 'Day_type', 'Month_of_year']"
41400,42000,0.77,24.15334463119507,4.1402133545863355,"['Day_of_year', 'Day_of_month', 'Dew_Point', 'Pressure', 'Day_of_week', 'Temperature', 'Week_of_year', 'Month_of_year', 'Day_type']"
41500,42100,0.53,19.996034622192383,5.000991541043647,"['Day_of_year', 'Day_of_month', 'Dew_Point', 'Pressure', 'Temperature', 'Day_of_week', 'Week_of_year', 'Day_type']"
41600,42200,0.45999999999999996,24.725826025009155,4.044354267430909,"['Dew_Point', 'Day_of_year', 'Day_of_month', 'Pressure', 'Day_of_week', 'Temperature', 'Week_of_year', 'Day_type']"
41700,42300,0.91,22.53652811050415,4.4372407102667495,"['Day_of_year', 'Day_of_month', 'Dew_Point', 'Pressure', 'Day_of_week', 'Temperature', 'Week_of_year', 'Day_type', 'Month_of_year']"
41800,42400,1.0,20.56627130508423,4.862330099441935,"['Day_of_year', 'Day_of_month', 'Dew_Point', 'Pressure', 'Day_of_week', 'Temperature', 'Day_type', 'Month_of_year', 'Week_of_year']"
41900,42500,0.38,70.24536490440369,1.423581472401619,"['pm2.5_prev_hour', 'Day_of_year', 'Day_of_month', 'Dew_Point', 'Pressure', 'Day_of_week', 'Temperature', 'Month_of_year', 'Week_of_year', 'Day_type']"
42000,42600,0.56,65.76953864097595,1.5204607188425323,"['pm2.5_prev_hour', 'Day_of_year', 'Day_of_month', 'Dew_Point', 'Pressure', 'Day_of_week', 'Temperature', 'Week_of_year', 'Month_of_year', 'Day_type']"
42100,42700,0.86,64.83741402626038,1.5423193768878276,"['pm2.5_prev_hour', 'Day_of_year', 'Day_of_month', 'Dew_Point', 'Pressure', 'Day_of_week', 'Temperature', 'Month_of_year', 'Week_of_year', 'Day_type']"
42200,42800,0.76,61.79257774353027,1.6183173392611878,"['pm2.5_prev_hour', 'Day_of_year', 'Day_of_month', 'Dew_Point', 'Pressure', 'Temperature', 'Day_of_week', 'Week_of_year', 'Day_type']"
42300,42900,0.71,65.09704041481018,1.5361681477803264,"['pm2.5_prev_hour', 'Day_of_year', 'Day_of_month', 'Dew_Point', 'Pressure', 'Temperature', 'Day_of_week', 'Week_of_year', 'Day_type']"
42400,43000,1.0,20.328575611114502,4.919183808693695,"['Day_of_year', 'Day_of_month', 'Dew_Point', 'Pressure', 'Temperature', 'Day_of_week', 'Week_of_year', 'Day_type']"
42500,43100,0.62,26.355212211608887,3.794315871831691,"['Dew_Point', 'Day_of_year', 'Day_of_month', 'Pressure', 'Temperature', 'Day_of_week', 'Week_of_year', 'Month_of_year', 'Day_type']"
42600,43200,0.4,86.15410661697388,1.160710776615473,"['pm2.5_prev_hour', 'Dew_Point', 'Day_of_year', 'Day_of_month', 'Pressure', 'Temperature', 'Week_of_year', 'Month_of_year', 'Day_of_week', 'Day_type']"
42700,43300,0.47,84.37537884712219,1.1851798636802295,"['pm2.5_prev_hour', 'Dew_Point', 'Day_of_year', 'Day_of_month', 'Pressure', 'Temperature', 'Week_of_year', 'Day_of_week', 'Month_of_year', 'Day_type']"
42800,43400,0.43000000000000005,80.83239412307739,1.2371277763681914,"['pm2.5_prev_hour', 'Dew_Point', 'Day_of_year', 'Day_of_month', 'Pressure', 'Temperature', 'Week_of_year', 'Day_of_week', 'Month_of_year', 'Day_type']"
42900,43500,0.5700000000000001,60.10921549797058,1.6636384150343173,"['pm2.5_prev_hour', 'Day_of_year', 'Day_of_month', 'Dew_Point', 'Pressure', 'Temperature', 'Day_of_week', 'Week_of_year', 'Day_type', 'Month_of_year']"
43000,43600,0.83,59.651039361953735,1.6764167241615808,"['pm2.5_prev_hour', 'Day_of_year', 'Day_of_month', 'Dew_Point', 'Pressure', 'Temperature', 'Day_of_week', 'Week_of_year', 'Day_type']"
